id,pred
20884,0.08101020443
20885,0.05339368350
20886,0.33376784306
20887,0.96225229062
20888,0.20105889593
20889,0.57348800281
20890,0.81848218459
20891,0.77253563883
20892,0.23261087613
20893,0.77165183590
20894,0.39220828406
20895,0.26112598598
20896,0.46822780675
20897,0.64993978704
20898,0.81234145765
20899,0.83014422895
20900,0.95729993833
20901,0.84459411547
20902,0.17369029704
20903,0.99314539207
20904,0.90309582859
20905,0.05689857117
20906,0.12119031359
20907,0.84556346731
20908,0.56004104349
20909,0.84495824212
20910,0.57707716456
20911,0.27507454244
20912,0.87787717684
20913,0.37899917071
20914,1.00000000000
20915,0.42504220041
20916,0.91440742678
20917,0.95246858861
20918,0.81770372368
20919,0.07861996131
20920,0.42662841318
20921,0.36157980958
20922,0.98363242833
20923,0.93455904197
20924,0.42322818531
20925,0.98564598516
20926,0.18561876564
20927,0.65909865997
20928,0.85107458336
20929,0.58046419642
20930,0.61149626739
20931,0.92700179704
20932,0.66827891447
20933,0.49984641303
20934,0.46766371292
20935,0.57849273043
20936,0.99651988684
20937,0.66174430073
20938,0.71676693195
20939,0.96832387067
20940,1.00000000000
20941,0.66170394792
20942,0.82439318815
20943,0.88883129449
20944,0.83169254094
20945,0.88697268822
20946,0.93276909722
20947,0.98138391728
20948,0.94787585594
20949,0.96259512157
20950,0.98543024145
20951,0.66175265220
20952,0.97065049275
20953,0.97660549434
20954,0.54222392731
20955,0.71032429669
20956,1.00000000000
20957,0.99904377187
20958,0.98021588740
20959,0.89542918071
20960,0.58413636510
20961,0.95688536749
20962,0.80739175933
20963,0.98311170736
20964,0.88697552204
20965,0.97509432852
20966,0.99816315285
20967,0.93223561239
20968,0.50682725714
20969,0.92299046033
20970,0.76773407513
20971,1.00000000000
20972,0.94464270651
20973,0.79576282889
20974,1.00000000000
20975,0.64733491337
20976,0.94883231102
20977,0.99227156297
20978,0.95026020529
20979,0.92193980156
20980,1.00000000000
20981,0.92270878888
20982,0.93555918626
20983,0.52560423994
20984,1.00000000000
20985,0.74990366726
20986,0.85548804491
20987,0.91663570165
20988,1.00000000000
20989,0.74251288223
20990,0.89845931470
20991,0.83630514886
20992,0.85397750568
20993,0.86458356474
20994,0.94711324604
20995,1.00000000000
20996,0.98114543718
20997,0.98816480012
20998,1.00000000000
20999,0.67533428024
21000,1.00000000000
21001,0.98714342647
21002,0.54142921255
21003,0.75514977298
21004,1.00000000000
21005,0.98521038442
21006,1.00000000000
21007,0.87222610835
21008,0.63513395198
21009,0.97048222660
21010,0.82357396167
21011,1.00000000000
21012,0.87577655078
21013,1.00000000000
21014,0.99148003874
21015,0.93821308144
21016,0.46933811887
21017,0.91529533229
21018,0.80567842909
21019,1.00000000000
21020,1.00000000000
21021,0.77093136760
21022,1.00000000000
21023,0.65310897943
21024,0.94226444830
21025,1.00000000000
21026,0.89556907381
21027,0.94157631530
21028,1.00000000000
21029,0.98060784522
21030,0.93999171575
21031,1.00000000000
21032,0.38559992296
21033,0.53197154576
21034,0.95763256838
21035,0.80442018013
21036,0.17347730340
21037,0.86009205150
21038,0.46963472815
21039,0.30818940137
21040,0.41507162533
21041,0.64702491408
21042,0.92390818945
21043,0.85743855850
21044,0.96289955016
21045,0.86006854326
21046,0.29548662486
21047,1.00000000000
21048,0.93646525113
21049,0.09318971711
21050,0.14255635836
21051,0.95639589625
21052,0.69663899546
21053,0.94766068243
21054,0.58289307291
21055,0.27971382087
21056,0.90697150064
21057,0.54986261742
21058,0.97448978143
21059,0.50156821933
21060,0.88005542524
21061,0.98025004396
21062,0.88326107344
21063,0.06890884557
21064,0.55323439432
21065,0.53964048383
21066,1.00000000000
21067,0.98525201427
21068,0.49347070057
21069,1.00000000000
21070,0.20196006953
21071,0.77538130096
21072,0.86724336980
21073,0.68245381587
21074,0.75308400873
21075,0.92759393754
21076,0.75536282655
21077,0.53934086206
21078,0.00000000000
21079,0.03420094347
21080,0.21128959651
21081,0.00000000000
21082,0.00000000000
21083,0.15077465845
21084,0.00000000000
21085,0.00000000000
21086,0.18901616430
21087,0.08718198150
21088,0.00000000000
21089,0.02752914211
21090,0.20881438642
21091,0.10266178320
21092,0.01633014418
21093,0.50329734864
21094,0.24385705655
21095,0.00000000000
21096,0.00000000000
21097,0.14637305710
21098,0.18278726914
21099,0.22649909352
21100,0.06670963674
21101,0.00000000000
21102,0.24695604382
21103,0.01702030655
21104,0.29886230569
21105,0.13307676600
21106,0.22827245242
21107,0.43644000833
21108,0.00000000000
21109,0.00000000000
21110,0.00000000000
21111,0.00000000000
21112,0.74418715699
21113,0.41150706191
21114,0.00000000000
21115,0.34941740683
21116,0.01285030990
21117,0.15898513006
21118,0.01072263745
21119,0.02878204645
21120,0.02876721952
21121,0.36334036822
21122,0.31833753922
21123,0.08187345678
21124,0.80389429784
21125,0.92708207200
21126,0.97004877892
21127,0.72743302968
21128,0.74711612418
21129,0.78790323422
21130,0.71486524299
21131,0.89508335255
21132,0.88320347214
21133,0.99370459696
21134,0.96889804077
21135,1.00000000000
21136,0.96376114231
21137,0.49746550528
21138,1.00000000000
21139,0.93450324121
21140,0.31687447794
21141,0.55676022411
21142,1.00000000000
21143,0.96458752771
21144,0.98453518758
21145,0.78805066890
21146,0.54228373505
21147,1.00000000000
21148,0.77484610585
21149,0.98722424296
21150,0.71315315368
21151,1.00000000000
21152,1.00000000000
21153,0.93389806528
21154,0.29529439425
21155,0.81615083345
21156,0.70850831718
21157,1.00000000000
21158,0.95749829693
21159,0.85527004748
21160,1.00000000000
21161,0.49294615282
21162,0.91716541608
21163,1.00000000000
21164,0.85599045282
21165,0.83763050125
21166,0.98357211453
21167,0.93566657807
21168,0.90796079931
21169,0.92583513559
21170,0.79066187430
21171,0.26903337629
21172,0.61618070540
21173,0.51896324916
21174,0.34065808250
21175,0.59930784151
21176,0.72702646870
21177,0.75089272455
21178,0.69461394220
21179,0.89978319492
21180,0.78690784149
21181,0.20729704530
21182,0.97068104695
21183,0.90306956304
21184,0.11031153050
21185,0.15198469847
21186,0.82448337426
21187,0.56108034235
21188,0.89143913091
21189,0.38166687776
21190,0.13982222711
21191,0.76190615392
21192,0.66169073470
21193,1.00000000000
21194,0.36729736452
21195,1.00000000000
21196,1.00000000000
21197,0.81576945932
21198,0.10685989095
21199,0.52065574951
21200,0.44696889569
21201,1.00000000000
21202,0.97251792215
21203,0.51894299972
21204,0.99244699473
21205,0.17408297858
21206,0.77948524428
21207,0.84657898958
21208,0.60767501888
21209,0.69577446914
21210,0.75751685178
21211,0.74133662260
21212,0.65439542066
21213,0.23553146015
21214,0.02006585632
21215,0.18231368352
21216,0.03225263687
21217,0.01985486901
21218,0.25498730532
21219,0.21049207342
21220,0.20647917591
21221,0.30706326843
21222,0.56512930878
21223,0.14329001104
21224,0.09584892622
21225,0.60095981321
21226,0.41949084580
21227,0.00000000000
21228,0.00372568284
21229,0.31870497502
21230,0.17577626826
21231,0.35277506909
21232,0.13706006650
21233,0.08825498616
21234,0.36789598660
21235,0.14509857385
21236,0.70916965439
21237,0.19640724699
21238,0.43810353992
21239,0.56428551525
21240,0.28543770060
21241,0.02655859212
21242,0.03748412353
21243,0.04239507952
21244,0.70350928370
21245,0.60588516784
21246,0.02585864841
21247,0.55886330566
21248,0.07371909493
21249,0.24467623050
21250,0.25400762646
21251,0.08985971583
21252,0.10144208703
21253,0.59209168396
21254,0.38944656825
21255,0.14380059246
21256,0.10876253421
21257,0.60997730977
21258,0.18431116281
21259,0.17567967512
21260,0.37591425632
21261,0.41609413462
21262,0.47003104798
21263,0.62659858702
21264,0.91567678917
21265,0.58596733203
21266,0.13783893856
21267,1.00000000000
21268,0.62447428513
21269,0.03493893887
21270,0.07698012980
21271,0.57194245825
21272,0.37478059300
21273,0.72731775900
21274,0.30539959946
21275,0.19241371369
21276,0.66854640997
21277,0.18875951007
21278,0.98017053136
21279,0.47092024720
21280,0.71048586382
21281,0.95874056422
21282,0.46283277408
21283,0.03084893375
21284,0.19449838818
21285,0.20461138138
21286,1.00000000000
21287,0.96976375755
21288,0.20132256501
21289,0.95448503096
21290,0.09110816435
21291,0.53640931259
21292,0.45055575881
21293,0.34515341600
21294,0.37842307353
21295,0.88350372538
21296,0.57813095647
21297,0.33203890533
21298,0.80664334310
21299,0.69305310928
21300,0.59623863191
21301,0.75346123615
21302,0.80010139512
21303,0.91177128401
21304,0.90925504301
21305,0.94769595079
21306,0.96549120233
21307,0.44485572908
21308,0.96944029598
21309,0.93640995241
21310,0.13727270631
21311,0.36037981639
21312,0.97119151390
21313,0.71011865320
21314,0.95391378180
21315,0.63823987845
21316,0.43523084119
21317,0.91898333128
21318,0.65412805700
21319,0.93999045119
21320,0.50965711640
21321,0.93556124747
21322,1.00000000000
21323,0.91249745972
21324,0.20580903470
21325,0.72882668509
21326,0.57830960308
21327,0.97815607265
21328,0.89674233459
21329,0.66450084753
21330,0.98690150081
21331,0.32778044145
21332,0.86815160954
21333,0.97588796671
21334,0.83362644398
21335,0.83799022467
21336,0.98481978272
21337,0.83666176953
21338,0.72083030620
21339,0.15219453616
21340,0.08565714534
21341,0.29598945448
21342,0.24132371671
21343,0.44048750530
21344,0.47578109991
21345,0.75206132442
21346,0.47969227887
21347,0.09587454449
21348,0.87777539046
21349,0.68785770575
21350,0.03699216177
21351,0.03971220831
21352,0.63654830904
21353,0.27209513937
21354,0.71888207447
21355,0.29150921752
21356,0.08469180438
21357,0.55888292439
21358,0.14049698342
21359,0.74212977560
21360,0.33488104814
21361,0.73500814716
21362,0.80857659298
21363,0.32564862681
21364,0.03109251685
21365,0.12239892638
21366,0.14857739472
21367,0.97776405441
21368,0.87820209060
21369,0.15692886332
21370,0.72895786483
21371,0.08358162001
21372,0.31192136806
21373,0.44655238090
21374,0.24385145555
21375,0.17672328300
21376,0.84148221929
21377,0.48678424686
21378,0.23294845796
21379,0.34626213636
21380,0.46322301510
21381,0.72851941102
21382,0.85020087151
21383,0.82810947517
21384,0.96837767355
21385,0.87501655823
21386,0.18025831103
21387,0.91500424271
21388,0.91443575290
21389,0.08349265596
21390,0.25629713112
21391,0.90557067228
21392,0.62501793264
21393,0.93637525465
21394,0.60037069684
21395,0.29506750695
21396,0.89846805391
21397,0.38725938218
21398,1.00000000000
21399,0.44972784700
21400,0.93909029040
21401,0.96345676001
21402,0.85166817783
21403,0.08431950814
21404,0.58990544230
21405,0.45239664605
21406,0.99772241260
21407,0.91581290809
21408,0.46966060696
21409,0.97046370859
21410,0.17746237473
21411,0.81324034557
21412,0.85609368089
21413,0.61942646283
21414,0.75780598425
21415,0.98825866777
21416,0.68546197493
21417,0.58781626052
21418,0.73976123055
21419,0.79072770030
21420,0.86511640645
21421,0.90842780603
21422,0.96879569503
21423,0.92491178650
21424,0.40539648420
21425,0.95332585678
21426,0.91171135190
21427,0.10253603303
21428,0.39446426745
21429,0.95613096044
21430,0.84589491828
21431,0.96224763657
21432,0.75708276246
21433,0.42200507320
21434,0.90760533982
21435,0.60692282488
21436,0.97457472401
21437,0.61320976288
21438,0.94635530113
21439,0.96153912114
21440,0.87227266047
21441,0.13269455968
21442,0.71523702763
21443,0.62856178276
21444,0.98701615604
21445,0.94283325775
21446,0.64117192693
21447,0.97459473973
21448,0.40049925641
21449,0.84568645600
21450,0.95363604712
21451,0.81653146436
21452,0.78882101354
21453,1.00000000000
21454,0.80196361102
21455,0.77024121377
21456,0.49720037851
21457,0.69196684989
21458,0.73755418439
21459,0.82933104454
21460,0.77067022776
21461,0.27053639509
21462,0.85727867826
21463,0.74929160303
21464,0.04568384931
21465,0.22149198381
21466,0.82826199215
21467,0.50463778651
21468,0.77348192748
21469,0.48818167264
21470,0.24483536593
21471,0.73572435056
21472,0.35042121418
21473,0.90295019956
21474,0.37831234546
21475,0.79549576132
21476,0.81512258182
21477,0.71011848811
21478,0.10015531664
21479,0.32137979333
21480,0.27814984622
21481,0.85082533495
21482,0.80831572510
21483,0.26237139586
21484,0.83766154494
21485,0.21224662088
21486,0.65005353073
21487,0.74049386010
21488,0.55761600476
21489,0.51708052685
21490,0.74977292698
21491,0.46499353338
21492,0.52064381259
21493,0.88402498322
21494,0.92424270352
21495,1.00000000000
21496,0.90382246040
21497,0.19732724555
21498,1.00000000000
21499,0.97519414432
21500,0.09290407355
21501,0.17306540537
21502,0.96208412282
21503,0.56236689987
21504,0.95947239328
21505,0.48540465711
21506,0.30718327107
21507,0.74949847608
21508,0.23034585966
21509,0.98259335835
21510,0.43142108970
21511,1.00000000000
21512,1.00000000000
21513,0.83890923615
21514,0.08486884248
21515,0.48559572640
21516,0.43583073485
21517,1.00000000000
21518,1.00000000000
21519,0.45573912462
21520,1.00000000000
21521,0.19184774205
21522,0.61692659225
21523,0.86485610040
21524,0.65735719095
21525,0.60458871488
21526,0.90272834948
21527,0.69230576388
21528,0.51057485674
21529,0.64798818355
21530,0.84495722607
21531,0.64774756137
21532,0.05596956090
21533,0.94668909736
21534,0.74204655398
21535,0.01611019424
21536,0.02692350395
21537,0.67348871370
21538,0.37807617228
21539,0.69214412089
21540,0.41842862436
21541,0.13362646122
21542,0.72184225387
21543,0.31304209872
21544,1.00000000000
21545,0.34870419847
21546,0.79862131378
21547,0.94351657541
21548,0.36467429389
21549,0.03439068222
21550,0.12884890353
21551,0.25374564252
21552,1.00000000000
21553,0.96993599706
21554,0.20079049917
21555,0.92967887576
21556,0.05465758397
21557,0.44540415302
21558,0.49253151704
21559,0.26737119890
21560,0.29679513801
21561,0.95837333248
21562,0.64868149235
21563,0.22191489931
21564,0.75043073966
21565,0.58332781684
21566,0.05397751905
21567,0.91375525388
21568,0.57112155411
21569,0.00000000000
21570,0.00000000000
21571,0.61987473002
21572,0.34676694439
21573,0.70109145498
21574,0.40903069778
21575,0.05091569592
21576,0.64483914860
21577,0.28444869726
21578,0.84204167456
21579,0.33102135416
21580,0.64080432026
21581,0.88932812130
21582,0.35904557561
21583,0.00000000000
21584,0.21281936690
21585,0.14404859858
21586,0.98142239141
21587,0.92218797089
21588,0.14039030909
21589,0.88154267710
21590,0.04282021978
21591,0.44997217059
21592,0.40724036960
21593,0.25210944588
21594,0.42599746002
21595,0.70242685383
21596,0.58582843560
21597,0.29121123685
21598,0.21230583945
21599,0.03305031326
21600,0.84425794027
21601,0.29375996049
21602,0.00000000000
21603,0.00000000000
21604,0.34788974196
21605,0.22285460935
21606,0.43499604899
21607,0.21040265694
21608,0.03468881295
21609,0.28309553002
21610,0.07908100911
21611,0.68171077432
21612,0.19171550028
21613,0.38949959447
21614,0.64897940327
21615,0.08552944744
21616,0.01602745578
21617,0.00000000000
21618,0.00000000000
21619,0.93402528463
21620,0.80931977964
21621,0.00000000000
21622,0.68794431251
21623,0.00000000000
21624,0.18252236474
21625,0.09959432069
21626,0.08098957379
21627,0.10687192058
21628,0.55168837250
21629,0.35179000434
21630,0.12857578326
21631,0.03434707590
21632,0.83414033846
21633,0.44923533605
21634,0.00000000000
21635,0.00000000000
21636,0.45566748360
21637,0.25444959568
21638,0.60833106941
21639,0.27224841209
21640,0.03543144853
21641,0.55173260476
21642,0.02932756037
21643,0.74996102465
21644,0.23219864865
21645,0.49098992222
21646,0.76560391281
21647,0.19930600689
21648,0.00000000000
21649,0.04718368537
21650,0.06411041654
21651,0.93944304469
21652,0.85843602133
21653,0.05381479056
21654,0.69742696681
21655,0.03897431028
21656,0.21500781273
21657,0.27178208446
21658,0.26247907646
21659,0.16098392680
21660,0.62360707061
21661,0.40174577832
21662,0.16732086242
21663,0.91353503935
21664,0.88708404921
21665,0.23405536067
21666,0.41656728884
21667,0.95570828783
21668,0.74335162783
21669,0.92167548401
21670,0.70966427822
21671,0.44515693430
21672,0.85010819267
21673,0.72841837197
21674,0.81474880931
21675,0.72496171762
21676,0.92729462383
21677,0.89478702943
21678,0.84241555454
21679,0.18108146263
21680,0.72337631145
21681,0.59607880010
21682,0.93663280671
21683,0.88160652700
21684,0.68506141284
21685,0.95963837458
21686,0.38038140480
21687,0.84881694148
21688,0.91273801997
21689,0.79643604445
21690,0.78123856022
21691,0.95885496709
21692,0.83133020184
21693,0.71311749675
21694,0.34116169423
21695,0.00342377055
21696,0.00000000000
21697,0.25055652143
21698,0.22893812572
21699,0.35815670581
21700,0.20019566300
21701,0.04901346618
21702,0.48843174433
21703,0.07342523784
21704,0.44548953730
21705,0.17081140867
21706,0.37027644074
21707,0.47352445924
21708,0.16481532459
21709,0.01512498265
21710,0.04387787832
21711,0.03083045621
21712,0.78697644593
21713,0.50947114318
21714,0.05967734217
21715,0.52745310087
21716,0.03377939224
21717,0.22692382576
21718,0.20682207050
21719,0.14902832017
21720,0.07919121931
21721,0.49817766722
21722,0.38500210565
21723,0.11826877286
21724,0.02547806829
21725,0.00000000000
21726,0.64742169275
21727,0.31733449814
21728,0.62783946977
21729,0.26372965679
21730,0.06136920398
21731,0.44494519417
21732,0.15986757568
21733,0.92435794355
21734,0.22323085644
21735,0.66748268160
21736,0.81571797357
21737,0.22204277632
21738,0.02415490825
21739,0.03488376821
21740,0.05908312776
21741,0.92336697568
21742,0.83166515631
21743,0.06168721009
21744,0.82784771367
21745,0.04512759686
21746,0.27939903926
21747,0.27705680861
21748,0.23763220659
21749,0.24272927542
21750,0.79861046540
21751,0.41721712915
21752,0.21868328024
21753,0.75441677114
21754,1.00000000000
21755,0.97798301375
21756,1.00000000000
21757,0.92409748728
21758,0.68007477557
21759,0.95463360912
21760,0.80310971483
21761,1.00000000000
21762,0.89819466142
21763,1.00000000000
21764,1.00000000000
21765,0.98157766175
21766,0.50896460500
21767,0.92183375538
21768,0.82065036207
21769,1.00000000000
21770,0.98497384767
21771,0.89920869367
21772,1.00000000000
21773,0.56671763840
21774,0.95738428182
21775,0.96845861353
21776,0.96865585953
21777,0.93555163311
21778,1.00000000000
21779,0.91800404860
21780,0.98752716701
21781,0.97067067417
21782,0.75000470982
21783,1.00000000000
21784,0.82823555457
21785,0.57648191601
21786,0.96862848188
21787,0.71889177158
21788,1.00000000000
21789,0.68445737917
21790,0.99241261627
21791,0.99777886582
21792,0.92344698281
21793,0.27440351495
21794,0.79441433132
21795,0.66998949455
21796,1.00000000000
21797,0.95648305383
21798,0.68113654734
21799,1.00000000000
21800,0.57537996119
21801,0.92198745354
21802,0.97481267258
21803,0.89574515862
21804,0.81307513471
21805,1.00000000000
21806,0.93567647899
21807,0.80093488123
21808,0.29202622084
21809,0.41784050172
21810,0.22408663452
21811,0.11996331079
21812,0.43345025167
21813,0.18190693239
21814,0.85840783765
21815,0.27324186480
21816,0.60159633610
21817,0.67228744034
21818,0.32000348637
21819,0.05570428949
21820,0.10367345669
21821,0.09619047954
21822,0.80685055786
21823,0.68991692569
21824,0.07966859014
21825,0.67642509285
21826,0.05783749388
21827,0.24788744156
21828,0.30566054151
21829,0.15322517893
21830,0.12253091877
21831,0.67619228742
21832,0.46099166323
21833,0.24117729494
21834,0.74385750916
21835,0.69379816395
21836,0.35603549912
21837,0.81711772066
21838,0.52029832970
21839,0.94953055933
21840,0.48752281131
21841,0.87330482934
21842,0.90843970488
21843,0.73903646942
21844,0.11637072364
21845,0.49558207441
21846,0.44169370007
21847,0.92406486520
21848,0.88079276099
21849,0.44134735845
21850,0.90504914856
21851,0.33076500769
21852,0.70896038127
21853,0.66375687835
21854,0.56899458901
21855,0.64717867991
21856,0.87316197853
21857,0.77357511153
21858,0.54801069282
21859,0.24764395975
21860,0.05486681942
21861,0.45196308234
21862,0.03120970797
21863,0.72060578117
21864,0.18630508772
21865,0.55318551338
21866,0.74205203611
21867,0.16344734139
21868,0.00125500838
21869,0.03209873977
21870,0.03890363021
21871,0.94205966997
21872,0.81588215048
21873,0.04783354576
21874,0.63333673856
21875,0.05366341329
21876,0.29086085856
21877,0.24479205793
21878,0.21874287561
21879,0.20494899692
21880,0.71003096798
21881,0.39659824930
21882,0.14944174920
21883,0.33835067345
21884,0.81826770232
21885,0.51976347471
21886,0.87649482766
21887,0.41838399802
21888,0.86331612057
21889,0.93223563912
21890,0.73969697081
21891,0.12733637556
21892,0.38061055351
21893,0.45038885244
21894,0.97036719422
21895,0.94498079463
21896,0.39564233808
21897,0.94768467065
21898,0.19024261657
21899,0.62224203679
21900,0.70630864009
21901,0.52822601453
21902,0.50565188293
21903,0.85505319405
21904,0.76582081904
21905,0.43353669070
21906,0.92308927844
21907,0.72348523143
21908,1.00000000000
21909,0.56747343173
21910,0.99736555877
21911,1.00000000000
21912,0.89635135200
21913,0.23189240388
21914,0.67181659463
21915,0.63106975722
21916,1.00000000000
21917,1.00000000000
21918,0.60407244480
21919,1.00000000000
21920,0.37213813600
21921,0.89757707440
21922,1.00000000000
21923,0.73332707116
21924,0.80503993085
21925,0.96295041634
21926,0.97136656688
21927,0.77701206599
21928,0.32521094924
21929,0.84110688479
21930,0.36432070037
21931,0.66425073655
21932,0.69194006561
21933,0.35157247748
21934,0.04030386138
21935,0.14479747944
21936,0.17390798325
21937,0.75412594647
21938,0.69724371117
21939,0.14318254171
21940,0.69665432601
21941,0.09255629639
21942,0.30877767004
21943,0.44763531654
21944,0.14992471344
21945,0.27247753945
21946,0.55913932471
21947,0.57786862844
21948,0.27957764009
21949,1.00000000000
21950,0.78787930042
21951,1.00000000000
21952,1.00000000000
21953,0.94183013321
21954,0.29686136097
21955,0.71988855438
21956,0.67811161377
21957,1.00000000000
21958,0.99813259562
21959,0.71889620162
21960,1.00000000000
21961,0.35725242589
21962,0.90095253467
21963,0.97982386075
21964,0.79503319852
21965,0.76165904753
21966,0.92935440554
21967,0.89665398099
21968,0.87128358477
21969,0.14663205750
21970,0.26722998145
21971,0.52220908054
21972,0.00104593380
21973,0.05579222300
21974,0.00000000000
21975,0.03031282604
21976,0.80303573978
21977,0.67361455812
21978,0.03048058946
21979,0.58442703726
21980,0.09763023757
21981,0.00855178360
21982,0.17039137465
21983,0.00406854885
21984,0.06894981618
21985,0.32494434218
21986,0.10121108500
21987,0.16773725903
21988,0.84865639532
21989,0.91387702014
21990,0.71576913086
21991,0.09627469565
21992,0.47174639163
21993,0.40377856639
21994,0.90013859055
21995,0.88362754507
21996,0.38764116514
21997,0.94937656741
21998,0.12395590830
21999,0.70314916672
22000,0.79736658364
22001,0.45219164682
22002,0.54800770547
22003,0.81538460536
22004,0.79583481644
22005,0.44943944834
22006,0.69372186610
22007,0.27079599479
22008,0.02886184127
22009,0.08001967553
22010,0.05700415525
22011,0.73928623882
22012,0.73545503470
22013,0.06612113691
22014,0.61147825883
22015,0.08435904671
22016,0.24929073398
22017,0.21394209004
22018,0.13082623917
22019,0.11629783844
22020,0.59828269430
22021,0.45544424444
22022,0.16837606070
22023,0.00000000000
22024,0.00000000000
22025,0.01498720104
22026,0.00302646091
22027,0.90343094117
22028,0.62113719764
22029,0.01311329921
22030,0.57314519346
22031,0.04500314199
22032,0.11826242519
22033,0.04291847493
22034,0.06564000057
22035,0.08125265372
22036,0.41840781798
22037,0.29929553313
22038,0.14255860420
22039,0.03554768881
22040,0.15590304669
22041,0.20055604025
22042,0.97698174084
22043,0.90902410391
22044,0.19857094363
22045,0.91829117311
22046,0.07593824667
22047,0.37068256335
22048,0.57732707190
22049,0.28830913444
22050,0.28978068942
22051,0.95386930656
22052,0.48039629942
22053,0.24591972991
22054,0.91398782958
22055,0.81938165427
22056,1.00000000000
22057,0.98474234913
22058,0.90544893749
22059,1.00000000000
22060,0.67750945184
22061,0.94205019723
22062,0.96706350201
22063,0.94887848428
22064,0.95132172798
22065,1.00000000000
22066,0.91616161403
22067,0.96797602143
22068,0.43323952256
22069,0.97300946951
22070,0.89194900014
22071,0.43667289268
22072,0.94958959660
22073,0.30547790437
22074,0.77869135207
22075,0.85591914317
22076,0.56816895302
22077,0.69876722582
22078,0.95872467727
22079,0.63973887397
22080,0.54892200458
22081,1.00000000000
22082,0.98138660726
22083,0.45204013449
22084,1.00000000000
22085,0.22026812684
22086,0.72656228665
22087,0.84439086713
22088,0.70953606289
22089,0.71166315153
22090,1.00000000000
22091,0.78605399044
22092,0.60390617179
22093,0.43287255730
22094,0.00000000000
22095,0.46258462561
22096,0.01765407531
22097,0.15219666968
22098,0.02282281983
22099,0.03659038743
22100,0.04741838363
22101,0.40726473247
22102,0.30310927543
22103,0.11290198255
22104,0.01700211211
22105,0.51709159258
22106,0.03793457181
22107,0.16755554394
22108,0.07071930071
22109,0.07948857061
22110,0.02832864615
22111,0.43149839002
22112,0.32337802353
22113,0.10691161211
22114,0.98192496241
22115,0.22583760744
22116,0.84653064138
22117,0.86925645407
22118,0.70579257244
22119,0.80504994191
22120,1.00000000000
22121,0.73932949694
22122,0.59823352816
22123,0.04594695298
22124,0.10461103486
22125,0.06254537746
22126,0.07379485650
22127,0.04321194082
22128,0.47656692150
22129,0.32564532813
22130,0.10063376651
22131,0.92826989547
22132,0.98683733569
22133,0.88493376029
22134,0.91419114045
22135,1.00000000000
22136,1.00000000000
22137,0.88194621387
22138,0.68784824834
22139,0.38768355635
22140,0.45802853830
22141,0.75969875282
22142,0.55692988916
22143,0.33343828449
22144,0.24667264671
22145,0.20918074046
22146,0.81436410521
22147,0.45731724721
22148,0.18413519715
22149,0.61332808995
22150,0.89133523005
22151,0.68165929319
22152,0.39513749571
22153,0.83947766583
22154,0.69057954202
22155,0.45740952517
22156,0.43171101297
22157,0.17593187387
22158,0.40550873604
24862,0.33674543738
24863,0.36981552024
24864,0.31777040766
24865,0.54728933285
24866,0.51563061393
24867,0.36689936256
24868,0.36268453902
24869,0.34701454058
24870,0.53350264330
24871,0.36419701439
24872,0.30291960129
24873,0.34315035220
24874,0.30537797407
24875,0.30004674490
24876,0.53243810845
24877,0.45869977077
24878,0.38199555480
24879,0.44065515574
24880,0.60860878739
24881,0.26912819333
24882,0.29171107604
24883,0.42614298783
24884,0.52906092073
24885,0.47859746285
24886,0.80153029999
24887,0.81818624232
24888,0.60601856883
24889,0.48406784494
24890,0.62926081302
24891,0.79417036688
24892,0.50917819430
24893,0.41146036411
24894,0.45967622271
24895,0.46215170829
24896,0.46100056694
24897,0.76690841426
24898,0.73814286106
24899,0.55551750048
24900,0.62778572348
24901,0.81009881108
24902,0.38908163465
24903,0.45746160540
24904,0.55429849080
24905,0.43323596588
24906,0.78810943167
24907,0.74423985637
24908,0.61041898534
24909,0.39750817902
24910,0.61144908882
24911,0.79027921465
24912,0.43941090539
24913,0.39619289047
24914,0.39841794774
24915,0.39122909532
24916,0.40009770071
24917,0.74819471113
24918,0.77836938904
24919,0.51155106061
24920,0.61285003659
24921,0.77119867338
24922,0.37676209898
24923,0.41627937212
24924,0.49674621224
24925,0.78123662351
24926,0.71196463012
24927,0.61564927240
24928,0.35614410943
24929,0.59948769959
24930,0.71825386141
24931,0.43711163398
24932,0.38201087823
24933,0.33900582409
24934,0.39002202754
24935,0.35842606068
24936,0.68225021530
24937,0.77573860262
24938,0.47155429696
24939,0.61608571741
24940,0.74339169937
24941,0.39701982540
24942,0.36422782241
24943,0.48020347547
24944,0.33810515226
24945,0.30853354736
24946,0.28369549361
24947,0.25805892626
24948,0.39224907290
24949,0.21318424011
24950,0.20307880959
24951,0.24163061469
24952,0.11591308037
24953,0.30092090005
24954,0.42337252614
24955,0.49697658288
24956,0.17552804190
24957,0.32049467252
24958,0.53112462776
24959,0.14686106851
24960,0.25974707133
24961,0.25438971727
24962,0.35749177059
24963,0.29504254719
24964,0.34326671043
24965,0.46241449528
24966,0.21788037038
24967,0.19939140431
24968,0.24989677768
24969,0.12258882658
24970,0.29480783044
24971,0.49903914655
24972,0.55385435218
24973,0.18150648089
24974,0.38292943339
24975,0.56364085543
24976,0.18113125665
24977,0.27689907729
24978,0.27462424133
24979,0.40198278084
24980,0.42940411445
24981,0.62769322214
24982,0.39370914871
24983,0.38795113895
24984,0.39311756261
24985,0.35106465059
24986,0.32266905765
24987,0.63354598465
24988,0.60589641134
24989,0.42888464007
24990,0.53932737609
24991,0.62359271578
24992,0.30083708314
24993,0.35444585186
24994,0.49490273894
24995,0.57109242331
24996,0.56070872586
24997,0.61383096223
24998,0.62705591751
24999,0.69316558274
25000,0.59233398576
25001,0.55466369953
25002,0.58353803210
25003,0.68292301456
25004,0.65820555327
25005,0.51360064630
25006,0.67489095123
25007,0.51008313694
25008,0.67449931817
25009,0.54000471951
25010,0.76979002867
25011,0.41276121414
25012,0.34182272921
25013,0.38750776758
25014,0.31709701569
25015,0.42091005725
25016,0.70470648241
25017,0.69464281293
25018,0.44785574090
25019,0.59065814583
25020,0.76846599273
25021,0.33310437612
25022,0.42281790343
25023,0.47599006762
25024,0.17147918753
25025,0.20091509955
25026,0.25213326068
25027,0.07336501391
25028,0.29965596479
25029,0.47056542945
25030,0.50150142355
25031,0.19147533819
25032,0.35637368925
25033,0.50516674191
25034,0.13219935735
25035,0.29583980727
25036,0.21165570752
25037,0.29331161011
25038,0.41713553895
25039,0.34712862795
25040,0.37581912289
25041,0.68965291072
25042,0.69001403059
25043,0.42229107589
25044,0.53025887269
25045,0.68014443501
25046,0.33423138845
25047,0.35576423278
25048,0.38343642491
25049,0.50010422661
25050,0.57061252906
25051,0.46245727749
25052,0.81894835600
25053,0.81202407417
25054,0.66992171115
25055,0.71764575399
25056,0.82443990182
25057,0.54296765168
25058,0.44608614139
25059,0.54501105877
25060,0.46062141092
25061,0.44973747490
25062,0.41631229352
25063,0.57554276256
25064,0.48529959084
25065,0.31991356786
25066,0.53801515182
25067,0.32565146429
25068,0.56762462160
25069,0.39146401653
25070,0.51236432795
25071,0.86067182630
25072,0.82736218283
25073,0.70292599003
25074,0.73559557147
25075,0.91134091816
25076,0.50157485321
25077,0.53336818790
25078,0.64781017159
25079,0.87057990361
25080,0.88945441650
25081,0.90108317098
25082,0.77218307808
25083,0.86712892516
25084,0.76236840802
25085,0.71551644471
25086,0.77702811566
25087,0.45678880577
25088,0.14198063394
25089,0.29367779740
25090,0.48893768774
25091,0.13226931449
25092,0.21912920877
25093,0.25804082472
25094,0.13218366267
25095,0.25981145502
25096,0.40299594972
25097,0.06058573500
25098,0.22202232005
25099,0.22630412510
25100,0.54086999133
25101,0.72329074299
25102,0.32104538948
25103,0.35061498961
25104,0.38292919064
25105,0.73952664819
25106,0.31234615258
25107,0.34685989855
25108,0.42371327288
25109,0.06987976356
25110,0.27363336959
25111,0.15408979154
25112,0.50668877103
25113,0.67039519352
25114,0.82869686654
637,0.26617048142
638,0.26715024943
639,0.72548950353
640,0.95416269561
641,0.67371507232
642,0.72633237930
643,0.49192006463
644,0.28619034777
645,0.31628031089
646,0.81471800407
647,0.51400547152
648,0.83244911943
649,0.69956255038
650,0.56246467039
651,0.80174691599
652,0.86218063911
653,0.44139887142
654,0.50205579178
655,0.71097115198
656,0.85837735306
657,0.79691532053
658,0.67387336110
659,0.84740023059
660,0.92170919876
661,0.50570068678
662,0.76358924932
663,0.96382941500
664,0.73065837669
665,0.33691909951
666,0.54467687279
667,0.42029902329
668,0.07688375005
669,0.31522067031
670,0.64636451549
671,0.45891106270
672,0.54495152198
673,0.31120028224
674,0.01637573155
675,0.14195047194
676,0.60889070119
677,0.74058561002
678,0.52943432260
679,0.23190106057
680,0.40239808912
681,0.82003294949
682,0.82533455578
683,0.11330738958
684,0.16485641931
685,0.72116018811
686,0.31599783608
687,0.36176887168
688,0.63802861543
689,0.58165587542
690,1.00000000000
691,0.92670350235
714,0.37745575727
22159,0.32144245545
22160,0.43462456424
22161,0.44467038777
22162,0.73237776198
22163,0.96978091104
22164,0.81247076017
22165,0.95978708461
22166,0.32307344284
22167,0.23647938501
22168,0.65569378106
22169,0.90162278132
22170,0.95092131662
22171,0.18280467827
22172,0.92755143601
22173,0.80761423147
22174,0.76583926840
22175,0.98051133860
22176,0.83194858913
22177,0.58284282276
22178,0.24201117405
22179,0.72504763194
22180,0.64145711816
22181,0.50376127542
22182,0.70714737345
22183,0.78201497021
22184,1.00000000000
22185,1.00000000000
22186,0.76045648846
22187,0.35161074260
22188,0.90204135733
22189,1.00000000000
22190,0.90728480376
22191,0.93300060112
22192,0.73231527554
22193,0.97598047158
22194,0.75449994413
22195,0.67264460737
22196,0.92269902620
22197,1.00000000000
22198,0.99893419997
22199,1.00000000000
22200,1.00000000000
22201,0.38421111933
22202,1.00000000000
22203,0.87757886890
22204,0.55999110683
22205,1.00000000000
22206,0.79593727848
22207,0.99290611602
22208,0.74004671958
22209,0.63293483505
22210,0.57693535437
22211,0.94675466610
22212,1.00000000000
22213,0.86968977651
22214,0.99590103782
22215,0.73167251426
22216,0.55290869119
22217,0.76675803571
22218,0.96737271065
22219,0.96440868137
22220,0.47879266336
22221,0.95936343361
22222,1.00000000000
22223,0.91648186252
22224,0.96326429834
22225,0.91187103277
22226,0.74357799915
22227,0.52517757779
22228,0.90134127181
22229,0.85157607731
22230,0.75176957708
22231,0.90050669623
22232,0.93441685214
22233,1.00000000000
22234,1.00000000000
22235,0.80413530037
22236,0.68520924964
22237,1.00000000000
22238,1.00000000000
22239,1.00000000000
22240,1.00000000000
22241,0.89436356187
22242,0.98493969369
22243,0.82924800812
22244,0.87656272093
22245,0.96941880672
22246,1.00000000000
22247,0.98815144896
22248,1.00000000000
22249,1.00000000000
22250,0.69812726615
22251,1.00000000000
22252,0.89498001233
22253,0.83130670731
22254,0.99975615949
22255,0.90153648979
22256,0.98982781235
22257,0.93815923118
22258,0.67245863378
22259,0.74258748326
22260,0.92101945856
22261,0.94144124080
22262,0.89729056462
22263,0.55677564055
22264,0.35239254511
22265,0.69967098200
22266,0.96193402159
22267,0.99084135160
22268,0.47652018690
22269,1.00000000000
22270,0.82575647212
22271,0.80229668767
22272,0.93837779135
22273,0.73832906623
22274,0.74257242860
22275,0.39796389265
22276,0.82133063661
22277,0.68801294093
22278,0.67051953183
22279,0.76030366472
22280,0.69413747129
22281,1.00000000000
22282,1.00000000000
22283,0.84195019116
22284,0.54246654242
22285,0.91993076537
22286,0.95834937528
22287,1.00000000000
22288,1.00000000000
22289,0.67112990317
22290,0.96495766140
22291,0.67464031979
22292,0.75752608819
22293,0.90301840763
22294,1.00000000000
22295,0.97427772690
22296,1.00000000000
22297,1.00000000000
22298,0.60280894018
22299,1.00000000000
22300,0.95459777370
22301,0.59935013406
22302,1.00000000000
22303,0.86459233375
22304,0.96590555120
22305,0.68789656532
22306,0.54645057346
22307,0.89427156797
22308,0.81984753974
22309,0.83762013151
22310,0.15294145253
22311,0.08304365670
22312,0.47367121988
22313,0.83169537101
22314,0.85923380817
22315,0.10619725642
22316,0.87656036846
22317,0.58475992211
22318,0.73136952597
22319,0.82632914347
22320,0.53979942884
22321,0.58785682858
22322,0.11341941711
22323,0.72003111648
22324,0.41137593364
22325,0.42120221086
22326,0.54066538058
22327,0.49659705898
22328,0.95472293023
22329,0.98866216083
22330,0.53489104921
22331,0.24907048776
22332,0.82268545309
22333,0.85116682560
22334,0.87523982647
22335,0.83917178694
22336,0.47158463119
22337,0.87194644247
22338,0.45056072187
22339,0.37107728116
22340,0.78192309149
22341,0.93268280677
22342,0.92952746259
22343,0.99404910488
22344,0.90532534575
22345,0.25951057631
22346,0.94469049272
22347,0.75629335364
22348,0.32332201402
22349,0.94190381260
22350,0.63278209387
22351,0.82776821659
22352,0.59388395700
22353,0.82394376844
22354,0.76772059849
22355,0.77160728496
22356,0.25513838152
22357,0.07606656027
22358,0.43800602245
22359,0.85045258475
22360,0.83474039476
22361,0.08739971163
22362,0.91689802389
22363,0.67262191773
22364,0.70597401973
22365,0.72094437818
22366,0.72824019926
22367,0.30977111545
22368,0.11283733295
22369,0.56337344851
22370,0.40720482389
22371,0.30106796013
22372,0.56455451170
22373,0.54726951588
22374,0.99125535973
22375,1.00000000000
22376,0.50687251359
22377,0.26425282401
22378,0.83366421426
22379,0.88693106508
22380,0.82054682865
22381,0.94023252819
22382,0.46275391436
22383,0.91321598898
22384,0.47899482432
22385,0.62427576220
22386,0.80206885344
22387,0.98538633663
22388,0.87028715969
22389,0.99150116894
22390,0.98129941894
22391,0.41579335853
22392,0.94745631698
22393,0.62683264544
22394,0.33601089199
22395,0.95571002555
22396,0.63141645452
22397,0.85857245470
22398,0.55187205931
22399,0.41426099320
22400,0.26046318720
22401,0.00411295243
22402,0.00761000905
22403,0.08278958177
22404,0.24650311653
22405,0.39240782537
22406,0.00828636377
22407,0.54389775651
22408,0.25611096119
22409,0.10951034016
22410,0.48810236420
22411,0.28721295125
22412,0.11956001386
22413,0.03329415856
22414,0.19154752201
22415,0.05965578024
22416,0.02868472036
22417,0.09866369925
22418,0.13340547401
22419,0.72091222346
22420,0.96695096325
22421,0.13952964783
22422,0.06361759264
22423,0.21003654902
22424,0.28282771808
22425,0.33182254844
22426,0.64457786181
22427,0.05497275018
22428,0.52746394895
22429,0.06510577917
22430,0.12312651351
22431,0.25151150269
22432,0.98103163639
22433,0.53311329907
22434,0.89863473413
22435,0.82437342316
22436,0.04282134462
22437,0.73828331574
22438,0.35663693420
22439,0.03819898708
22440,0.93423398186
22441,0.31903430279
22442,0.36646308936
22443,0.30383120852
22444,0.42062363652
22445,0.02611190295
22446,0.02688258430
22447,0.07879665078
22448,0.32782309267
22449,0.48918288878
22450,0.01446769412
22451,0.74147494373
22452,0.18835341776
22453,0.25084990763
22454,0.49583910545
22455,0.31621711512
22456,0.12761969048
22457,0.03386435454
22458,0.24301885450
22459,0.12002425001
22460,0.07510569787
22461,0.13256251189
22462,0.14482874037
22463,0.83530777151
22464,0.92312943024
22465,0.13883287531
22466,0.07407303362
22467,0.44542966990
22468,0.45467783803
22469,0.52259938136
22470,0.79090436039
22471,0.15152760425
22472,0.70427469632
22473,0.16765141806
22474,0.21624018281
22475,0.32955653823
22476,0.96619390607
22477,0.73509597428
22478,0.93092997230
22479,0.70978162522
22480,0.07438738294
22481,0.71791495309
22482,0.45402530832
22483,0.06744530254
22484,0.93336725928
22485,0.29667318949
22486,0.47200176297
22487,0.35476008022
22488,0.03846786276
22489,0.01219353776
22490,0.23459252071
22491,0.54622618907
22492,0.70298626619
22493,0.01748725642
22494,0.80402034978
22495,0.38409260257
22496,0.38255468244
22497,0.66284666944
22498,0.35563227248
22499,0.24323007675
22500,0.03365027814
22501,0.27185871869
22502,0.12511484441
22503,0.08070353688
22504,0.26480203816
22505,0.19901527203
22506,1.00000000000
22507,1.00000000000
22508,0.37736935313
22509,0.07248369979
22510,0.47627234591
22511,0.54366016784
22512,0.72896392606
22513,0.80840940629
22514,0.25013518751
22515,0.80437680011
22516,0.25697932306
22517,0.31132326294
22518,0.51739853380
22519,1.00000000000
22520,0.74585809693
22521,1.00000000000
22522,0.92856614584
22523,0.19107843331
22524,0.97934460301
22525,0.58690794583
22526,0.09489220238
22527,1.00000000000
22528,0.48613727889
22529,0.64479169778
22530,0.43784272934
22531,0.23915827208
22532,0.68683781107
22533,0.95854426936
22534,0.97730014257
22535,0.26681020534
22536,1.00000000000
22537,0.76672154979
22538,0.80422282651
22539,0.92181362610
22540,0.89867938979
22541,0.66456307152
22542,0.28673300329
22543,0.88722759874
22544,0.79115997605
22545,0.64969749618
22546,0.78016022975
22547,0.76818278781
22548,1.00000000000
22549,1.00000000000
22550,0.83657670060
22551,0.52838550706
22552,0.96526338011
22553,1.00000000000
22554,0.99305137585
22555,1.00000000000
22556,0.67866528845
22557,0.97592624789
22558,0.75350910117
22559,0.89114983366
22560,0.94643941538
22561,0.99788529281
22562,0.99528484854
22563,1.00000000000
22564,1.00000000000
22565,0.58117066567
22566,0.99854758424
22567,0.94586324002
22568,0.69798424541
22569,1.00000000000
22570,0.87768454833
22571,0.98773617021
22572,0.88999358812
22573,0.81023453503
22574,0.99527258672
22575,0.98523669426
22576,0.48842667437
22577,0.98367345170
22578,0.97713964181
22579,0.93421623466
22580,0.94893088141
22581,0.90408014375
22582,0.78364567972
22583,0.54248922973
22584,0.97326870218
22585,0.88263539001
22586,0.76512231359
22587,0.94172864137
22588,0.97622301587
22589,1.00000000000
22590,1.00000000000
22591,0.81273512766
22592,0.62797765921
22593,1.00000000000
22594,1.00000000000
22595,0.97704023847
22596,1.00000000000
22597,0.93242986857
22598,0.99610667565
22599,0.93047629702
22600,0.89024411135
22601,0.97902139798
22602,1.00000000000
22603,1.00000000000
22604,1.00000000000
22605,1.00000000000
22606,0.75040278889
22607,1.00000000000
22608,0.90902342881
22609,0.93501810415
22610,1.00000000000
22611,0.92094034838
22612,0.99184858597
22613,0.95408501664
22614,0.85392639379
22615,0.89030112383
22616,0.11755706010
22617,0.97222800607
22618,0.59200422231
22619,0.69720872032
22620,0.88543847729
22621,0.66672701528
22622,0.54115461679
22623,0.13473094780
22624,0.66569022024
22625,0.41104082136
22626,0.30627325948
22627,0.55585213378
22628,0.66778963424
22629,1.00000000000
22630,1.00000000000
22631,0.63689164742
22632,0.24067229641
22633,0.82256414109
22634,0.88514882380
22635,0.88821470536
22636,0.89802456057
22637,0.47893754498
22638,0.94956349703
22639,0.53231081975
22640,0.45735166691
22641,0.79169437819
22642,1.00000000000
22643,0.92855705489
22644,1.00000000000
22645,1.00000000000
22646,0.31906636295
22647,0.99078177431
22648,0.77262510171
22649,0.46493356941
22650,1.00000000000
22651,0.72765423456
22652,0.91462032326
22653,0.61079756077
22654,0.56227230611
22655,0.04136442718
22656,0.68272906361
22657,0.31902631013
22658,0.32472552700
22659,0.51866849533
22660,0.31793191415
22661,0.09159555934
22662,0.04574873655
22663,0.29222712943
22664,0.14438650105
22665,0.05158657016
22666,0.17579674204
22667,0.22690305018
22668,0.95888063626
22669,1.00000000000
22670,0.19906057143
22671,0.07957219398
22672,0.54441733073
22673,0.59209077711
22674,0.62470659854
22675,0.69283799395
22676,0.20402849001
22677,0.72925408368
22678,0.18568527206
22679,0.16594297147
22680,0.38672223411
22681,0.96246174970
22682,0.81340931184
22683,1.00000000000
22684,0.91167462860
22685,0.15359901544
22686,0.91143226847
22687,0.39911946006
22688,0.09820001330
22689,0.93753508825
22690,0.30845071513
22691,0.54304579057
22692,0.47467673088
22693,0.04309352362
22694,0.62181037830
22695,0.35427933153
22696,0.31433790190
22697,0.70553533124
22698,0.43954907224
22699,0.32169263255
22700,0.04159916853
22701,0.23439655978
22702,0.24310297454
22703,0.14047677216
22704,0.25479535847
22705,0.28782724582
22706,0.71784579274
22707,0.72981050544
22708,0.38387010395
22709,0.08767140312
22710,0.38659384847
22711,0.55679871471
22712,0.42788490609
22713,0.49799645291
22714,0.24892756580
22715,0.69827184324
22716,0.25391305707
22717,0.21228943294
22718,0.40925879762
22719,0.76842097910
22720,0.54244687273
22721,0.80150697450
22722,0.79675943706
22723,0.11128705920
22724,0.68417878612
22725,0.57585994255
22726,0.15115144877
22727,0.73534497314
22728,0.41980311120
22729,0.50686508619
22730,0.24379008480
22731,0.97508044740
22732,0.96793001723
22733,0.94182271182
22734,0.95763462362
22735,0.88780036525
22736,0.76876219943
22737,0.48341825529
22738,0.94790354282
22739,0.86402821576
22740,0.77810168265
22741,0.88715403398
22742,0.91118965179
22743,1.00000000000
22744,1.00000000000
22745,0.85560591707
22746,0.69041931483
22747,1.00000000000
22748,1.00000000000
22749,0.97757042723
22750,1.00000000000
22751,0.83629235219
22752,0.96725957526
22753,0.79807421987
22754,0.87741178071
22755,0.95523819834
22756,0.98600039927
22757,0.98917364287
22758,1.00000000000
22759,1.00000000000
22760,0.71837740696
22761,1.00000000000
22762,0.92648150245
22763,0.86563174628
22764,1.00000000000
22765,0.92535923069
22766,0.97728284036
22767,0.94835435281
22768,0.21302048855
22769,0.07681977677
22770,0.48620944099
22771,0.26388201699
22772,0.06796399172
22773,0.02576286983
22774,0.03816360123
22775,0.05182957708
22776,0.00000000000
22777,0.04780530161
22778,0.08247831521
22779,0.58901208224
22780,0.56736572396
22781,0.06849757483
22782,0.02152946822
22783,0.21810319720
22784,0.28411686371
22785,0.26948062918
22786,0.45849350404
22787,0.00091543781
22788,0.44010485562
22789,0.02364170861
22790,0.10289708003
22791,0.27322596609
22792,0.62353838287
22793,0.28950557894
22794,0.61781084705
22795,0.68505017133
22796,0.02156733229
22797,0.54408708272
22798,0.30881131458
22799,0.03570423620
22800,0.63295608533
22801,0.25938800763
22802,0.14388674183
22803,0.10689978354
22804,0.58910674444
22805,0.82711253431
22806,0.54193990555
22807,0.43722851254
22808,0.10704582921
22809,0.58032058373
22810,0.38076976980
22811,0.37766647094
22812,0.53962701424
22813,0.51716141421
22814,0.93511324840
22815,0.94280539734
22816,0.63399607387
22817,0.24255561218
22818,0.72969672633
22819,0.69914453627
22820,0.70788676879
22821,0.85293449101
22822,0.46276588419
22823,0.85707748369
22824,0.45476404522
22825,0.59531035840
22826,0.72974154770
22827,0.88169674860
22828,0.78189752289
22829,0.90500215074
22830,0.96079431786
22831,0.32062837235
22832,0.92214104017
22833,0.73220482865
22834,0.36469045257
22835,0.94980984237
22836,0.68251125222
22837,0.73173196844
22838,0.49479448410
22839,0.85786748227
22840,0.55946590731
22841,0.22858045086
22842,0.09786416790
22843,0.48980129501
22844,0.42360899707
22845,0.37707075095
22846,0.46789485841
22847,0.44021055540
22848,0.92099760395
22849,0.89680673775
22850,0.57490872758
22851,0.21754706260
22852,0.70635941639
22853,0.77031464884
22854,0.75574054617
22855,0.88558941595
22856,0.39066352057
22857,0.85765093240
22858,0.39050369208
22859,0.43422346767
22860,0.66056606392
22861,0.92926578670
22862,0.72257342562
22863,0.95596507648
22864,0.85776399675
22865,0.30754700485
22866,0.85215752914
22867,0.72341074166
22868,0.30365978863
22869,0.93739417719
22870,0.67395661887
22871,0.64134985772
22872,0.42806065760
22873,0.44273943119
22874,0.15080954943
22875,0.02319258144
22876,0.13372543815
22877,0.17317256930
22878,0.03594074126
22879,0.09018218660
22880,0.38049685269
22881,0.50280039385
22882,0.50198099527
22883,0.17067507463
22884,0.08251996594
22885,0.35530040805
22886,0.29259543805
22887,0.27755810181
22888,0.30997912185
22889,0.08456291663
22890,0.50566442072
22891,0.13937616128
22892,0.11346234172
22893,0.32416713747
22894,0.51211505463
22895,0.36633696515
22896,0.56001463403
22897,0.80602527756
22898,0.00835679343
22899,0.49722381902
22900,0.41254081815
22901,0.19159018316
22902,0.53868300907
22903,0.31652125071
22904,0.27925046000
22905,0.20670761158
22906,0.31195297685
22907,0.12142489305
22908,0.43337834806
22909,0.38691071579
22910,0.14924419811
22911,0.41163667011
22912,0.53663205924
22913,0.80405135323
22914,0.84898974319
22915,0.37807394453
22916,0.21143792082
22917,0.74438516736
22918,0.74872998433
22919,0.72309678675
22920,0.61043898115
22921,0.34680571165
22922,0.76237898551
22923,0.35998166985
22924,0.48520046482
22925,0.55301586232
22926,0.78286854597
22927,0.75882199453
22928,0.79627235590
22929,0.86123892795
22930,0.24399791516
22931,0.76073871728
22932,0.39994305957
22933,0.40342327157
22934,0.79811502657
22935,0.47965503158
22936,0.73367040938
22937,0.65247903526
22938,0.28917000111
22939,0.78734346080
22940,0.66694522864
22941,0.37961029028
22942,0.74848978736
22943,0.83484311505
22944,0.99181836616
22945,0.96818246115
22946,0.51329097313
22947,0.50628849597
22948,0.91675845820
22949,0.98407708761
22950,0.93956883418
22951,0.88593321059
22952,0.77981909595
22953,0.98187187674
22954,0.72562530499
22955,0.64438089352
22956,0.92894290387
22957,0.98920058337
22958,0.96941447505
22959,1.00000000000
22960,1.00000000000
22961,0.54578430338
22962,0.98799727288
22963,0.71025857913
22964,0.68872401770
22965,0.98451342710
22966,0.61809534668
22967,0.87990156800
22968,0.78135559003
22969,0.95336315180
22970,0.86127427074
22971,0.76050877426
22972,0.92884240513
22973,0.95213187097
22974,1.00000000000
22975,1.00000000000
22976,0.79826239003
22977,0.70799139229
22978,0.99151333918
22979,1.00000000000
22980,0.96220639301
22981,1.00000000000
22982,0.90774912738
22983,0.95692091967
22984,0.93360216523
22985,0.84654083857
22986,0.96088280078
22987,1.00000000000
22988,1.00000000000
22989,1.00000000000
22990,0.98166722393
22991,0.69230398947
22992,1.00000000000
22993,0.89264433268
22994,0.93542474924
22995,1.00000000000
22996,0.89596563000
22997,0.99401904530
22998,0.92265410371
22999,0.26180523313
23000,0.18219007342
23001,0.46288780574
23002,0.37090954337
23003,0.90039870842
23004,0.86702016590
23005,0.43687258368
23006,0.09735025758
23007,0.69059137645
23008,0.74041043939
23009,0.73670643477
23010,0.84021641370
23011,0.35396615547
23012,0.79853454311
23013,0.39549653381
23014,0.45615097823
23015,0.68853448557
23016,0.92355809234
23017,0.68988656870
23018,0.93067950661
23019,0.89944301863
23020,0.29246297352
23021,0.88033404733
23022,0.59015031161
23023,0.20914648397
23024,0.91788789600
23025,0.53870507656
23026,0.69768085415
23027,0.43040268650
23028,0.31449609059
23029,0.57735379345
23030,0.63655591163
23031,1.00000000000
23032,0.95772282186
23033,0.49521850993
23034,0.15333614094
23035,0.86692280166
23036,0.97207715018
23037,0.89398951271
23038,0.81760365427
23039,0.60481436230
23040,0.91738504196
23041,0.63293676302
23042,0.48432465096
23043,0.83360563480
23044,0.97880658317
23045,0.92403660090
23046,1.00000000000
23047,0.95396891690
23048,0.31837796986
23049,0.94750198504
23050,0.69770766724
23051,0.33693122229
23052,0.92753081249
23053,0.62932548332
23054,0.89176230083
23055,0.68866739635
23056,0.83353689419
23057,0.87037009432
23058,1.00000000000
23059,1.00000000000
23060,0.82038577545
23061,0.53181732263
23062,0.89738322284
23063,1.00000000000
23064,0.97645111911
23065,0.97717567489
23066,0.78237722826
23067,0.99598387002
23068,0.88207286923
23069,0.82332319612
23070,0.94525818699
23071,1.00000000000
23072,0.96607781112
23073,1.00000000000
23074,0.97523856098
23075,0.59057230973
23076,1.00000000000
23077,0.90567874110
23078,0.69021120539
23079,0.98897456148
23080,0.86654355253
23081,0.94784059229
23082,0.82238611300
23083,0.45301010650
23084,0.96915453193
23085,1.00000000000
23086,0.58907282874
23087,0.16142352960
23088,0.71197740669
23089,0.81775811893
23090,0.80199694884
23091,0.77796659045
23092,0.40264000358
23093,0.86305239439
23094,0.40011996352
23095,0.34367346405
23096,0.73830513786
23097,0.95881797768
23098,0.85822930641
23099,0.98114584520
23100,0.96872614556
23101,0.26678030826
23102,0.97101691243
23103,0.67196339113
23104,0.26885881756
23105,0.96578567262
23106,0.63561893608
23107,0.82188935572
23108,0.58894920386
23109,0.93020639555
23110,0.99566833359
23111,0.40080975963
23112,0.16164206051
23113,0.77715562401
23114,0.88582787855
23115,0.83526366959
23116,0.95019541022
23117,0.45885365112
23118,0.89424241377
23119,0.51581721159
23120,0.51744902248
23121,0.77711996474
23122,0.93658223334
23123,0.87209066043
23124,0.96989698791
23125,0.97212189770
23126,0.40274081228
23127,0.91830246714
23128,0.42920904497
23129,0.37698584639
23130,0.94101312924
23131,0.48548348553
23132,0.80583845752
23133,0.56782269068
23134,0.74429346792
23135,0.09528534569
23136,0.05482000657
23137,0.09981370851
23138,0.07208055430
23139,0.13291029946
23140,0.45622878450
23141,0.01831141110
23142,0.27821582755
23143,0.03992170704
23144,0.12281502975
23145,0.12208491522
23146,0.89295158330
23147,0.34539054232
23148,0.81222598276
23149,0.48881292835
23150,0.00000000000
23151,0.57254098355
23152,0.28286163638
23153,0.00000000000
23154,0.68749829528
23155,0.27725158911
23156,0.13538136052
23157,0.31980041043
23158,0.12094679420
23159,0.06742063909
23160,0.12895744352
23161,0.21401718551
23162,0.19831494642
23163,0.59733708779
23164,0.06351040766
23165,0.35486045736
23166,0.07775135506
23167,0.09163442035
23168,0.27803808676
23169,0.70531195803
23170,0.41479613066
23171,0.67222736148
23172,0.42628791677
23173,0.01087749565
23174,0.58332713124
23175,0.37879794038
23176,0.03574015950
23177,0.55180703217
23178,0.30142418814
23179,0.27074241858
23180,0.30647732994
23181,0.19284904911
23182,0.79491897972
23183,0.86364919501
23184,0.71534993393
23185,0.75820063872
23186,0.50980609289
23187,1.00000000000
23188,0.54018102709
23189,0.35817474429
23190,0.81817038709
23191,1.00000000000
23192,0.89173927869
23193,1.00000000000
23194,1.00000000000
23195,0.24417106889
23196,1.00000000000
23197,0.74243679881
23198,0.32634920591
23199,1.00000000000
23200,0.71641770256
23201,0.78865446943
23202,0.65629208176
23203,0.92013467568
23204,0.99454779914
23205,0.92034296294
23206,1.00000000000
23207,0.70774725919
23208,0.95893974393
23209,0.76880183222
23210,0.79040596293
23211,0.91264898626
23212,0.97915992009
23213,0.94894445546
23214,1.00000000000
23215,0.92757470852
23216,0.59175766446
23217,0.95481900351
23218,0.85070927021
23219,0.65993962421
23220,0.96879125856
23221,0.81884356433
23222,0.92049577627
23223,0.85634818886
23224,0.54748678735
23225,0.73364813542
23226,0.80319621351
23227,0.21013869880
23228,0.72815737510
23229,0.22497356406
23230,0.29837432066
23231,0.56702878430
23232,1.00000000000
23233,0.79251589148
23234,1.00000000000
23235,0.96044064300
23236,0.18098938028
23237,0.93518971885
23238,0.50068568044
23239,0.15211256325
23240,1.00000000000
23241,0.42474660688
23242,0.61208074612
23243,0.41960735226
23244,0.64270821518
23245,0.68272981143
23246,0.13119336794
23247,0.74724519856
23248,0.12956462586
23249,0.14216133646
23250,0.34815090879
23251,0.99712824709
23252,0.76402254872
23253,1.00000000000
23254,0.92950534125
23255,0.10521222517
23256,0.93031617618
23257,0.45971474391
23258,0.11804874811
23259,1.00000000000
23260,0.34062607298
23261,0.60335907896
23262,0.47259997808
23263,0.70076071327
23264,0.13194308241
23265,0.57755415913
23266,0.14489789759
23267,0.29453403400
23268,0.46513856767
23269,0.96739318159
23270,0.73162501749
23271,0.96493217115
23272,0.82612064315
23273,0.12507213669
23274,0.86696496859
23275,0.50644900021
23276,0.11122616093
23277,0.95600057781
23278,0.40402197019
23279,0.56844297031
23280,0.23892822579
23281,0.04775201708
23282,0.45298717898
23283,0.05796497053
23284,0.28342884517
23285,0.32597697293
23286,0.56570554369
23287,0.33146650143
23288,0.55688306743
23289,0.66335419169
23290,0.07348430054
23291,0.47079190938
23292,0.37370633967
23293,0.07671890188
23294,0.53348472924
23295,0.38928267275
23296,0.22244954561
23297,0.10083016446
23298,0.94331752239
23299,0.51387127447
23300,0.44930961896
23301,0.85599058293
23302,0.99895187288
23303,0.96339671895
23304,1.00000000000
23305,1.00000000000
23306,0.37737235162
23307,0.96674462959
23308,0.66763092592
23309,0.37916974363
23310,0.96846276179
23311,0.59776484525
23312,0.89268140619
23313,0.59792091866
23314,0.08837812356
23315,0.12083885000
23316,0.28815327026
23317,0.74797142134
23318,0.50229965871
23319,0.77427995131
23320,0.79074755351
23321,0.00000000000
23322,0.61142534381
23323,0.42005468819
23324,0.05495069728
23325,0.75347430844
23326,0.31326681841
23327,0.24580630344
23328,0.20794672309
23329,0.49286519011
23330,0.90095315003
23331,1.00000000000
23332,0.95569894022
23333,1.00000000000
23334,1.00000000000
23335,0.43404653782
23336,0.99013576437
23337,0.75124590655
23338,0.41615969090
23339,1.00000000000
23340,0.67589161858
23341,0.89923538465
23342,0.59114671421
23343,0.71017442522
23344,0.83766400775
23345,0.80603272637
23346,0.86228464823
23347,0.68049048303
23348,0.11853864667
23349,0.86313266239
23350,0.70012840724
23351,0.30482261216
23352,0.87018963687
23353,0.68609876955
23354,0.78137586738
23355,0.57335790419
23356,1.00000000000
23357,0.83950636013
23358,1.00000000000
23359,1.00000000000
23360,0.16401560896
23361,0.98071599988
23362,0.53336324506
23363,0.19309919057
23364,0.97621386833
23365,0.39578487355
23366,0.68773328890
23367,0.57684160508
23368,0.32754361960
23369,0.52212726303
23370,0.21281971914
23371,0.00000000000
23372,0.49773794373
23373,0.28459504692
23374,0.00000000000
23375,0.38796585726
23376,0.24039733744
23377,0.19877343914
23378,0.24080577839
23379,0.88987724544
23380,0.66776635676
23381,0.04564321631
23382,0.61727626688
23383,0.34350390414
23384,0.00000000000
23385,0.82414709702
23386,0.21944552156
23387,0.29917190165
23388,0.29143577755
23389,0.28113415578
23390,0.00000000000
23391,0.35018382265
23392,0.31663396596
23393,0.00263688505
23394,0.47756363480
23395,0.19934124701
23396,0.07407305683
23397,0.23881043661
23398,0.00000000000
23399,0.58307470564
23400,0.10871841283
23401,0.03870383204
23402,0.68837940647
23403,0.14093352375
23404,0.25359995442
23405,0.48710301713
23406,1.00000000000
23407,0.89212276358
23408,0.53296726386
23409,1.00000000000
23410,0.74407133884
23411,0.86703324669
23412,0.58334466067
23413,0.28986758617
23414,0.00000000000
23415,0.72438537080
23416,0.25452030122
23417,0.24934971455
23418,0.28778000109
23419,0.22730519397
23420,0.56402935632
23421,0.32537042802
23422,0.31121255486
23423,0.28485560998
23424,0.99089481128
23425,0.78710965690
23426,0.91909632787
23427,0.76921556904
23428,0.23651762262
23429,0.20430919698
23430,0.34701565495
23431,0.65464880008
23432,0.47393882162
23433,0.33675027345
692,0.62809675750
23434,0.81057941291
23435,1.00000000000
23436,1.00000000000
23437,0.34245081614
23438,0.99047642875
23439,0.27422850964
23440,0.77832396427
23441,0.99912105040
23442,0.67667137243
23443,0.83044631835
23444,0.92392931222
23445,0.59559847816
23446,0.90491338861
23447,0.72229572077
23448,0.93269570670
23449,0.90260958695
23450,0.96416427591
23451,0.93919993219
23452,0.92772610214
23453,1.00000000000
23454,0.78842497027
23455,0.82428721625
23456,0.64034320537
23457,0.91065067935
23458,0.94618754519
23459,0.97242530791
23460,0.90614862019
23461,0.97216686097
23462,0.50757455351
23463,0.58378046725
23464,0.60708766450
23465,1.00000000000
23466,0.96015228635
23467,0.99169164732
23468,0.80551728585
23469,0.87915339272
23470,0.79433648997
23471,0.76038894397
23472,0.96764033213
23473,0.89122555303
23474,0.80522122529
23475,0.84748782580
23476,0.67333631609
23477,0.54976868196
23478,0.99005195166
23479,0.99908868018
23480,0.29856357417
23481,0.23905604611
23482,1.00000000000
23483,0.91434775775
23484,0.87675330962
23485,0.79773487644
23486,0.08321604007
23487,0.69713732239
23488,0.09686278849
23489,0.31720240130
23490,0.93900173205
23491,0.40701582181
23492,0.62409968481
23493,0.68553320629
23494,0.24756764762
23495,0.79516146530
23496,0.31701466550
23497,0.65335510625
23498,0.47492337396
23499,0.76150453833
23500,0.74082032324
23501,0.59588013923
23502,0.88437213115
23503,0.66583825653
23504,0.38303060478
23505,0.44760821791
23506,0.48758772315
23507,0.66892762948
23508,0.86173863683
23509,0.44236676471
23510,0.71462625827
23511,0.29911068919
23512,0.36273865384
23513,0.34445500869
23514,0.91864753068
23515,0.89897761389
23516,0.87799222825
23517,0.36510965213
23518,0.67677670110
23519,0.59202505458
23520,0.39429567773
23521,0.75230896053
23522,0.52454050335
23523,0.46323153060
23524,0.42245857780
23525,0.19700022383
23526,0.35833926095
23527,0.65980682537
23528,0.89310178540
23529,0.09865463159
23530,0.07164743381
23531,0.69122355646
23532,0.66108548090
23533,0.36064617394
23534,0.00000000000
23535,0.03904899157
23536,0.00640721917
23537,0.05815155648
23538,0.75082593187
23539,0.00000000000
23540,0.33820042527
23541,0.00000000000
23542,0.00000000000
23543,0.41570715148
23544,0.00000000000
23545,0.09144962191
23546,0.10264880074
23547,0.19998126947
23548,0.30636207261
23549,0.09116085623
23550,0.50634081220
23551,0.32901245249
23552,0.00577863713
23553,0.00590412031
23554,0.00136969168
23555,0.13595159796
23556,0.38845337701
23557,0.03369189925
23558,0.03911172443
23559,0.00000000000
23560,0.03540194939
23561,0.00000000000
23562,0.86208323533
23563,0.68982010763
23564,0.27560480495
23565,0.01238066196
23566,0.27634189812
23567,0.04803122874
23568,0.00000000000
23569,0.16707169990
23570,0.03103084391
23571,0.00000000000
23572,0.00000000000
23573,0.00140764461
23574,0.00982437152
23575,0.24847298479
23576,0.54058089376
23577,0.00000000000
23578,0.00000000000
23579,0.37051707334
23580,0.63239460306
23581,0.00000000000
23582,0.22721372188
23583,0.00000000000
23584,0.10104831024
23585,0.57003305680
23586,0.07034167335
23587,0.33006356474
23588,0.37031648550
23589,0.08251035466
23590,0.45142195054
23591,0.13142217597
23592,0.31756048531
23593,0.24458466638
23594,0.43291244869
23595,0.38212984428
23596,0.35707100798
23597,0.63901956918
23598,0.48113948941
23599,0.15325938827
23600,0.20870161225
23601,0.15529626908
23602,0.22360787903
23603,0.52259148479
23604,0.29507562879
23605,0.27667629937
23606,0.02037288724
23607,0.15758460297
23608,0.00000000000
23609,0.59233786812
23610,0.55936805971
23611,0.51741371307
23612,0.00421057970
23613,0.40788477841
23614,0.21564815625
23615,0.04605430941
23616,0.43338041822
23617,0.32950941627
23618,0.16399176176
23619,0.07099946364
23620,0.08077951102
23621,0.06241810993
23622,0.34706159467
23623,0.58310304911
23624,0.00000000000
23625,0.00000000000
23626,0.37937913149
23627,0.41175442686
23628,0.99448345033
23629,0.49937623725
23630,0.72646304863
23631,1.00000000000
23632,0.81940736200
23633,0.88349906319
23634,0.96238823648
23635,0.62205127751
23636,0.97030511465
23637,0.79305353449
23638,0.97337071152
23639,0.99268525799
23640,0.99459852658
23641,0.95917600662
23642,0.94510450868
23643,1.00000000000
23644,0.87259797141
23645,0.89765310874
23646,0.83075505015
23647,0.91515652291
23648,0.98635913704
23649,0.98223451782
23650,0.87333006983
23651,1.00000000000
23652,0.63766329552
23653,0.56291328667
23654,0.69171063117
23655,1.00000000000
23656,0.99103815629
23657,1.00000000000
23658,0.80765652123
23659,0.93056785185
23660,0.85363536662
23661,0.87710723814
23662,1.00000000000
23663,0.94895222901
23664,0.92161048961
23665,0.91346648641
23666,0.82987852059
23667,0.63385963892
23668,1.00000000000
23669,0.98787022761
23670,0.56566987978
23671,0.55041776552
23672,1.00000000000
23673,0.97449438770
23674,0.03707040352
23675,0.12487605712
23676,1.00000000000
23677,0.28652099006
23678,0.69295687940
23679,0.38019783656
23680,0.13755898777
23681,0.65712890947
23682,0.08019320108
23683,0.45327255532
23684,0.38023719016
23685,0.64540806732
23686,0.64544314685
23687,0.43269395888
23688,0.97553418074
23689,0.43701400373
23690,0.17687487657
23691,0.29142178510
23692,0.24335881029
23693,0.70423850896
23694,0.75030516438
23695,0.31735894735
23696,0.48034847910
23697,0.07650098404
23698,0.21052429038
23699,0.07329968047
23700,1.00000000000
23701,1.00000000000
23702,0.79259099121
23703,0.22411399335
23704,0.49062772854
23705,0.38459023736
23706,0.27517101892
23707,0.67781964098
23708,0.33055207131
23709,0.26403344404
23710,0.20407548214
23711,0.14024133559
23712,0.13149767522
23713,0.66473458732
23714,0.94867447291
23715,0.03877034460
23716,0.00908837253
23717,0.75225010729
23718,0.83527722598
23719,0.71144219452
23720,1.00000000000
23721,0.81606518161
23722,0.87698394769
23723,0.94078716768
23724,0.65173171812
23725,0.95199927336
23726,0.93251737587
23727,0.97148599958
23728,1.00000000000
23729,0.92348236300
23730,0.88783758774
23731,0.93942420819
23732,1.00000000000
23733,0.91463985958
23734,0.95027770606
23735,0.85075892566
23736,0.94921848621
23737,0.93848838710
23738,0.95163481596
23739,0.84589913081
23740,0.98574508871
23741,0.69594095851
23742,0.72963496646
23743,0.72594412775
23744,1.00000000000
23745,0.98557721361
23746,0.96990744661
23747,0.90954449343
23748,0.90269574144
23749,0.79127573044
23750,0.91104204519
23751,1.00000000000
23752,0.92086921258
23753,0.92874017916
23754,0.92394900019
23755,0.78811467777
23756,0.68482153430
23757,1.00000000000
23758,1.00000000000
23759,0.54244629979
23760,0.47235679639
23761,1.00000000000
23762,0.96299045218
23763,0.99462982954
23764,0.55446686528
23765,0.79855559439
23766,0.91593262772
23767,0.37900236620
23768,0.81352362122
23769,0.56658927574
23770,0.86187742765
23771,0.85671105211
23772,0.83695308553
23773,0.78707300510
23774,0.88208680010
23775,0.94470957730
23776,0.64919230667
23777,0.70695695760
23778,0.48312837011
23779,0.81925020069
23780,0.92252704631
23781,0.90073675700
23782,0.64803668525
23783,0.94154643204
23784,0.38122838329
23785,0.42860457470
23786,0.49407636976
23787,0.97337969710
23788,0.91215572309
23789,0.92596671914
23790,0.68967108506
23791,0.72150072431
23792,0.66859594737
23793,0.75534514987
23794,0.95216214033
23795,0.77835916214
23796,0.76259804414
23797,0.77138622711
23798,0.59549312600
23799,0.35302116586
23800,0.95802851053
23801,1.00000000000
23802,0.28270441097
23803,0.15412168878
23804,0.97369503900
23805,0.90785238791
23806,0.00000000000
23807,0.19555428287
23808,0.00000000000
23809,0.00000000000
23810,0.38917297738
23811,0.00048985571
23812,0.00000000000
23813,0.07758191065
23814,0.23107522143
23815,0.32331319503
23816,0.13017589886
23817,0.27903499838
23818,0.33098696358
23819,0.02822312430
23820,0.02659236011
23821,0.01819306599
23822,0.02100193822
23823,0.36953696760
23824,0.02100649263
23825,0.01736640713
23826,0.00010795376
23827,0.00000000000
23828,0.00000000000
23829,0.75821920547
23830,0.44397185059
23831,0.23209456363
23832,0.00000000000
23833,0.21181078745
23834,0.03553541634
23835,0.00000000000
23836,0.13474503294
23837,0.03399313542
23838,0.00000000000
23839,0.00000000000
23840,0.00000000000
23841,0.00000000000
23842,0.11640080121
23843,0.43898975888
23844,0.00000000000
23845,0.00000000000
23846,0.26730354135
23847,0.83215272379
23848,0.82258510415
23849,0.84353298717
23850,0.30076898858
23851,0.86249829586
23852,0.43242007790
23853,0.81080625174
23854,0.69128035835
23855,0.86727232111
23856,0.81521909849
23857,0.75034980587
23858,1.00000000000
23859,0.61378612140
23860,0.60046116002
23861,0.52624408845
23862,0.70992416334
23863,0.89975304120
23864,0.97786405155
23865,0.53788520973
23866,0.88885831275
23867,0.32877174267
23868,0.43826398498
23869,0.34286216001
23870,1.00000000000
23871,1.00000000000
23872,1.00000000000
23873,0.47377745376
23874,0.73632343246
23875,0.61958240682
23876,0.52151651305
23877,0.92879669661
23878,0.61407739458
23879,0.57067373862
23880,0.56846599347
23881,0.38675734170
23882,0.39724491713
23883,0.94369092502
23884,1.00000000000
23885,0.13126688865
23886,0.10006512597
23887,0.97577943118
23888,0.93758866961
23889,0.30205388881
23890,0.11404470096
23891,0.49846690026
23892,0.07283589228
23893,0.42294425725
23894,0.23819530611
23895,0.41116752399
23896,0.45655324290
23897,0.30923981061
23898,0.71306675752
23899,0.39113234792
23900,0.10596821149
23901,0.22272421385
23902,0.19393999608
23903,0.50348443695
23904,0.71687699439
23905,0.22241958923
23906,0.41909355094
23907,0.06696512570
23908,0.14991162791
23909,0.04099504222
23910,0.97759256220
23911,0.90983814778
23912,0.71351074056
23913,0.13357190029
23914,0.30185442496
23915,0.15078263431
23916,0.12558322141
23917,0.60679158665
23918,0.14862649018
23919,0.12868838172
23920,0.11721654982
23921,0.07734497323
23922,0.07220602889
23923,0.47015897459
23924,0.80825211046
23925,0.03550253954
23926,0.02196856354
23927,0.73737608360
23928,0.72546822301
23929,0.09498705681
23930,0.45745718050
23931,0.09734887074
23932,0.49612673795
23933,0.34834597614
23934,0.50678746414
23935,0.41245034026
23936,0.36459498871
23937,0.91380775430
23938,0.38533867528
23939,0.18600972695
23940,0.33197899775
23941,0.27055913061
23942,0.67811340171
23943,0.69895270402
23944,0.18691062118
23945,0.56775397469
23946,0.08728830162
23947,0.21447122937
23948,0.01260988019
23949,0.98037180908
23950,0.90744177990
23951,0.73633431391
23952,0.16444991485
23953,0.32229165524
23954,0.16339387053
23955,0.20483553307
23956,0.51491666636
23957,0.19167509385
23958,0.17955797889
23959,0.15377270113
23960,0.05789815279
23961,0.11844871175
23962,0.55776408422
23963,0.93415744751
23964,0.04976231566
23965,0.02651243393
23966,0.82189894424
23967,0.71874555563
23968,0.92135011939
23969,0.61450010865
23970,0.92299927013
23971,0.83123337619
23972,0.96466539928
23973,0.95487967890
23974,0.91181197995
23975,1.00000000000
23976,0.84282170049
23977,0.69332238671
23978,0.77468415027
23979,0.89116464258
23980,0.96235816535
23981,1.00000000000
23982,0.75688438043
23983,0.94214207180
23984,0.52526442488
23985,0.67435694720
23986,0.64571013629
23987,0.98923072044
23988,1.00000000000
23989,0.97116439387
23990,0.67438345574
23991,0.86454582757
23992,0.88110695452
23993,0.70404123186
23994,0.94658079665
23995,0.83352404385
23996,0.77645389306
23997,0.79757848843
23998,0.73443920615
23999,0.59742524936
24000,0.98703924285
24001,1.00000000000
24002,0.43983047278
24003,0.35681339743
24004,0.98062358185
24005,0.93294954346
24006,0.23355246116
24007,0.41377102163
24008,0.26388833962
24009,0.35119882899
24010,0.41310264595
24011,0.31850039731
24012,0.77304781482
24013,0.37880863706
24014,0.44521488467
24015,0.09850703560
24016,0.17871531295
24017,0.33012355729
24018,0.42139883996
24019,0.16212052388
24020,0.32586188071
24021,0.06361416424
24022,0.09056153461
24023,0.01884475035
24024,0.53598083572
24025,0.50223373899
24026,0.54748428223
24027,0.14197434263
24028,0.32251789405
24029,0.12367918045
24030,0.14934933152
24031,0.41726905839
24032,0.19804599820
24033,0.12448323486
24034,0.16790748827
24035,0.15129795521
24036,0.02212983228
24037,0.28731337307
24038,0.51901688316
24039,0.03328532095
24040,0.00801526381
24041,0.41672561649
24042,0.40270003938
24043,0.90705646417
24044,0.85889108172
24045,0.87736601484
24046,0.79249187408
24047,0.84352332016
24048,0.97712473791
24049,0.75678573559
24050,0.76644642964
24051,0.59088125576
24052,0.82423620284
24053,0.92016775810
24054,0.97572534293
24055,0.72983162882
24056,0.93437652221
24057,0.42733026770
24058,0.60705043706
24059,0.44612244712
24060,0.99126153023
24061,0.96952053894
24062,0.93873345167
24063,0.63325188642
24064,0.73098460764
24065,0.68359932084
24066,0.65696340102
24067,0.95993631532
24068,0.76178918081
24069,0.74437181250
24070,0.72309002117
24071,0.50060274689
24072,0.44036759500
24073,0.93728929685
24074,0.96181307411
24075,0.17546421014
24076,0.14249456177
24077,0.96870390224
24078,0.90570045559
24079,0.28169598235
24080,0.53588948649
24081,0.53923290412
24082,0.51084916567
24083,0.96750531765
24084,0.39897852898
24085,0.20271361844
24086,0.31283115729
24087,0.30557611566
24088,0.68514913883
24089,0.70225894717
24090,0.28173906794
24091,0.48858409500
24092,0.15048890221
24093,0.42301997700
24094,0.09946825033
24095,1.00000000000
24096,0.98185578246
24097,0.73143796934
24098,0.20255809609
24099,0.46156463077
24100,0.24989354985
24101,0.30811262152
24102,0.61130136926
24103,0.24828437128
24104,0.37362461690
24105,0.25192691666
24106,0.05851883137
24107,0.17470453568
24108,0.61713713935
24109,0.92485956757
24110,0.02593317595
24111,0.01472150960
24112,0.79654701535
24113,0.85010654727
24114,0.77644678761
24115,0.76072129366
24116,0.65916286901
24117,0.99024556908
24118,0.63301440624
24119,0.47352810513
24120,0.46807603687
24121,0.57543137596
24122,0.66999563097
24123,0.83788467856
24124,0.65538296854
24125,0.68714586351
24126,0.27301698173
24127,0.42942954371
24128,0.33897575401
24129,0.89691102028
24130,0.88548757358
24131,0.79390081931
24132,0.43685776716
24133,0.68742642392
24134,0.63240930638
24135,0.44851860797
24136,0.73380204057
24137,0.68052145568
24138,0.53003126648
24139,0.48141806875
24140,0.37087832001
24141,0.33477808906
24142,0.67955070080
24143,0.89523100205
24144,0.10954488556
24145,0.09024693965
24146,0.72148258376
24147,0.75425487030
24148,0.58007343450
24149,0.42980815428
24150,0.85080836556
24151,0.43256390847
24152,0.33313076505
24153,0.28617545710
24154,0.32173285071
24155,0.46595977147
24156,0.62196755933
24157,0.21882142598
24158,0.57213112135
24159,0.13276459026
24160,0.23282312482
24161,0.10997038253
24162,0.77755903978
24163,0.74066429515
24164,0.73168205939
24165,0.23078987546
24166,0.44754696490
24167,0.38298290651
24168,0.24803078843
24169,0.53762115993
24170,0.39025089846
24171,0.24779103507
24172,0.22069233134
24173,0.19348303413
24174,0.17968418613
24175,0.58462523304
24176,0.72747502499
24177,0.03642285832
24178,0.04344916669
24179,0.60573896171
24180,0.55917182381
24181,0.27338259860
24182,0.80380196179
24183,0.31391169163
24184,0.44426968049
24185,0.05260417196
24186,0.18038257174
24187,0.32108422814
24188,0.48257386134
24189,0.11867524759
24190,0.33281093972
24191,0.06268696294
24192,0.09985986306
24193,0.07796265394
24194,0.55315051462
24195,0.54262316301
24196,0.50567452006
24197,0.20485638625
24198,0.33296057860
24199,0.17102414507
24200,0.19881587060
24201,0.36395834253
24202,0.26178335274
24203,0.18600651865
24204,0.20342288664
24205,0.11902312243
24206,0.03801840108
24207,0.33136170874
24208,0.58625105480
24209,0.05478959206
24210,0.01822979888
24211,0.39646454212
24212,0.40064643536
24213,1.00000000000
24214,0.42802177566
24215,0.29141083379
24216,0.40016756256
24217,0.40381709327
24218,0.71388037351
24219,0.84976005378
24220,0.29036417671
24221,0.67485831332
24222,0.11579293586
24223,0.34878146926
24224,0.12440494958
24225,0.97829153378
24226,0.92438443593
24227,0.89516496978
24228,0.19467144748
24229,0.43302470084
24230,0.24081489222
24231,0.26873141435
24232,0.75203362428
24233,0.43769670688
24234,0.30565172672
24235,0.26141355615
24236,0.10235953499
24237,0.16274710550
24238,0.69007051613
24239,0.97142413840
24240,0.07164066415
24241,0.05400484991
24242,0.84400981968
24243,0.89999877176
24244,0.34017661721
24245,0.08106839256
24246,0.00000000000
24247,0.04742323626
24248,0.22055421747
24249,0.18697315026
24250,0.08127015572
24251,0.17734089795
24252,0.01080579238
24253,0.06713264494
24254,0.00000000000
24255,0.89736136141
24256,0.67310544621
24257,0.25618862529
24258,0.03101970060
24259,0.14762823009
24260,0.08377248627
24261,0.04900210837
24262,0.30129503235
24263,0.05028207191
24264,0.00723301365
24265,0.00000000000
24266,0.01253844912
24267,0.05261262433
24268,0.27977531477
24269,0.52421008042
24270,0.02811414371
24271,0.00608744532
24272,0.36878319900
24273,0.80275169682
24274,0.54054043723
24275,0.36534257907
24276,0.38086366696
24277,0.51570616364
24278,0.56589008824
24279,0.43328421017
24280,0.55231141626
24281,0.22321103041
24282,0.14259494012
24283,0.10848716129
24284,0.59351295921
24285,0.55984574103
24286,0.57437813454
24287,0.37986317989
24288,0.50281613271
24289,0.34202189043
24290,0.31031297891
24291,0.61558291811
24292,0.43509577112
24293,0.43093687815
24294,0.30779439794
24295,0.32767901983
24296,0.18365369822
24297,0.55080573068
24298,0.57013606926
24299,0.14218502980
24300,0.13418888165
24301,0.57309413536
24302,0.53867931846
24303,0.60441755532
24304,0.63861591900
24305,0.76488838279
24306,0.89960220604
24307,0.61643859283
24308,0.84672856324
24309,0.30230224361
24310,0.52002748522
24311,0.17926348008
24312,0.95428705666
24313,0.91785848480
24314,0.89042912060
24315,0.47617838762
24316,0.49852706842
24317,0.39985758773
24318,0.48704419266
24319,0.82781902591
24320,0.62571187446
24321,0.57052602828
24322,0.53219398305
24323,0.14900252074
24324,0.26445104372
24325,0.79435245635
24326,0.90520298952
24327,0.04187925924
24328,0.01738238887
24329,0.86510071854
24330,0.83839931362
24331,0.51570479523
24332,0.79097522392
24333,0.82748559494
24334,0.52557612199
24335,0.81007695383
24336,0.28027990256
24337,0.41704252960
24338,0.40205248352
24339,1.00000000000
24340,0.98458830417
24341,0.89487132880
24342,0.36303911833
24343,0.72193923891
24344,0.60307540030
24345,0.43549334369
24346,0.81798887427
24347,0.65709481405
24348,0.45762775884
24349,0.45426736622
24350,0.38683392058
24351,0.33013562329
24352,0.76696099815
24353,0.98309679777
24354,0.12152500628
24355,0.08655701703
24356,0.83633429193
24357,0.82964203392
24358,0.70766136202
24359,0.82563129621
24360,0.51315157110
24361,0.69481927113
24362,0.11098991523
24363,0.43041455233
24364,0.14763573030
24365,0.94425305890
24366,0.89004415398
24367,0.83576763965
24368,0.28227730948
24369,0.51731755471
24370,0.36930930496
24371,0.35466814103
24372,0.77671419460
24373,0.51781224339
24374,0.46192707478
24375,0.38227967853
24376,0.16699163337
24377,0.16719487543
24378,0.79219433956
24379,0.90759086497
24380,0.04473829523
24381,0.01542969273
24382,0.74707637183
24383,0.78184153184
24384,0.72974391789
24385,0.33416239751
24386,0.37320473013
24387,0.05088432128
24388,0.12651040684
24389,0.06277112115
24390,0.99228620071
24391,0.89736554090
24392,0.63405526289
24393,0.12122040609
24394,0.39046841430
24395,0.22876444545
24396,0.11361342896
24397,0.61962710311
24398,0.36621343496
24399,0.20320750504
24400,0.20418482503
24401,0.14818818411
24402,0.07019749425
24403,0.59148372313
24404,0.84232399795
24405,0.02701867602
24406,0.00000000000
24407,0.73054349776
24408,0.67040883360
24409,0.10367642673
24410,0.22675812709
24411,0.00000000000
24412,0.02719533058
24413,0.00000000000
24414,0.60050451181
24415,0.58084809702
24416,0.44660682320
24417,0.00715682367
24418,0.26139723352
24419,0.04377209716
24420,0.00000000000
24421,0.31777453190
24422,0.22574333853
24423,0.02203322247
24424,0.00000000000
24425,0.00000000000
24426,0.03603135539
24427,0.20849048652
24428,0.54759914166
24429,0.04175961118
24430,0.00000000000
24431,0.31856921541
24432,0.32450812512
24433,0.74814596201
24434,0.18341018764
24435,0.46344204446
24436,0.33203657395
24437,0.86866617747
24438,0.82690600106
24439,0.79269442671
24440,0.45000288264
24441,0.70317206870
24442,0.56720307988
24443,0.42780137177
24444,0.81028864562
24445,0.64960961267
24446,0.48904360268
24447,0.36853293010
24448,0.38158074053
24449,0.33260335141
24450,0.77828752842
24451,0.84898985809
24452,0.12235609472
24453,0.11137342650
24454,0.79981064909
24455,0.71922212482
24456,0.08480863226
24457,0.19298250512
24458,0.09756900741
24459,1.00000000000
24460,0.98147034863
24461,0.74695983373
24462,0.09082689909
24463,0.35191692668
24464,0.21155513182
24465,0.15899286226
24466,0.53752403230
24467,0.14716413776
24468,0.15633742377
24469,0.13615395509
24470,0.07346585493
24471,0.12184402202
24472,0.61414840109
24473,0.94708058286
24474,0.02622036438
24475,0.00000000000
24476,0.77378660149
24477,0.80480493296
24478,0.55135111510
24479,0.49856040769
24480,1.00000000000
24481,0.98184226244
24482,0.97105132243
24483,0.63764042474
24484,0.82280105402
24485,0.73524387650
24486,0.66124975653
24487,1.00000000000
24488,0.82394231882
24489,0.73025013201
24490,0.73999097423
24491,0.57370537016
24492,0.50142301335
24493,0.94865388072
24494,0.97630443876
24495,0.26420197590
24496,0.18377489533
24497,0.95933169256
24498,0.95019455273
24499,0.37655066530
24500,1.00000000000
24501,0.96746584030
24502,0.87428626536
24503,0.49797005964
24504,0.64371630497
24505,0.54012826936
24506,0.49573487759
24507,0.93224387866
24508,0.65666188878
24509,0.55791952328
24510,0.57358234424
24511,0.28871421491
24512,0.27801977724
24513,0.87077318004
24514,0.97450209280
24515,0.15883009392
24516,0.05465854235
24517,0.98115214895
24518,0.92197354573
24519,1.00000000000
24520,0.95955323707
24521,1.00000000000
24522,0.84867814916
24523,0.88172576145
24524,0.81523663446
24525,0.74906770328
24526,0.99998416575
24527,0.84314241719
24528,0.81059059121
24529,0.78859350022
24530,0.60605030499
24531,0.54526068461
24532,0.97402192185
24533,1.00000000000
24534,0.27132534048
24535,0.24744932740
24536,0.99032810229
24537,0.93628986075
24538,0.35097901640
24539,0.25184776460
24540,0.00000000000
24541,0.25486233021
24542,0.03433683667
24543,0.00000000000
24544,0.15016771865
24545,0.02316506819
24546,0.00000000000
24547,0.00000000000
24548,0.00000000000
24549,0.00301600040
24550,0.21696420148
24551,0.47659403373
24552,0.00000000000
24553,0.00000000000
24554,0.33939735469
24555,0.72606269924
24556,0.25971594431
24557,0.00000000000
24558,0.24034055038
24559,0.08825345823
24560,0.00000000000
24561,0.13384474257
24562,0.04801286638
24563,0.02398875637
24564,0.01265559014
24565,0.00000000000
24566,0.01946655309
24567,0.26098307705
24568,0.47033842873
24569,0.00441845108
24570,0.00000000000
24571,0.38548485087
24572,0.88103888851
24573,0.06596265559
24574,0.32893783043
24575,0.12887829006
24576,0.04355824671
24577,0.31958034425
24578,0.10389794850
24579,0.08658635224
24580,0.07976313541
24581,0.06785894343
24582,0.09231723201
24583,0.27567985493
24584,0.69530227377
24585,0.04180155106
24586,0.02368401310
24587,0.51631568890
24588,0.52897615554
24589,0.67615698445
24590,0.55176638570
24591,0.58173857142
24592,0.93635737664
24593,0.63156813367
24594,0.70429248296
24595,0.71440966330
24596,0.30656039347
24597,0.41433377053
24598,0.90435508995
24599,1.00000000000
24600,0.13882315320
24601,0.11340120921
24602,0.96353015270
24603,0.92363862757
24604,0.44248213798
24605,0.43334780759
24606,0.65332221163
24607,0.41183437630
24608,0.45437728907
24609,0.45041185407
24610,0.19429605597
24611,0.21237935873
24612,0.65598116353
24613,0.77364658295
24614,0.13240253508
24615,0.09327350795
24616,0.71434529445
24617,0.65860336858
24618,0.52260441222
24619,0.83263239321
24620,0.68154177560
24621,0.53036966849
24622,0.50981007185
24623,0.51215210749
24624,0.16022867701
24625,0.78762580138
24626,1.00000000000
24627,0.12881310570
24628,0.09390076002
24629,0.90190800917
24630,0.90544121440
24631,0.87701543481
24632,0.66635962901
24633,0.60042618053
24634,0.55558932226
24635,0.23830941023
24636,0.33519397913
24637,0.85361973723
24638,0.96251076118
24639,0.08796868727
24640,0.08182347097
24641,0.95549585522
24642,0.87867449510
24643,0.09566026588
24644,0.11396182936
24645,0.07311753642
24646,0.05245370833
24647,0.08860852326
24648,0.26988476879
24649,0.63247361748
24650,0.01195890387
24651,0.00552058528
24652,0.40838078577
24653,0.49283988047
24654,0.27264632211
24655,0.29618366220
24656,0.16202570129
24657,0.20989191440
24658,0.52316182466
24659,0.78150346374
24660,0.11792135973
24661,0.08033155445
24662,0.62287200674
24663,0.67639494170
24664,0.41197012085
24665,0.26379601000
24666,0.28037802188
24667,0.85630328945
24668,0.95140749608
24669,0.07684777846
24670,0.06097165719
24671,0.87780250554
24672,0.87732156402
24673,0.21930221167
24674,0.32954885686
24675,0.78697658772
24676,0.95785411589
24677,0.13227160855
24678,0.07627903976
24679,0.85698298870
24680,0.83242280660
24681,0.54087597548
24682,0.93585799042
24683,0.99688569141
24684,0.37055949415
24685,0.31382596826
24686,1.00000000000
24687,0.97038712441
24688,1.00000000000
24689,1.00000000000
24690,0.31306531339
24691,0.24241847763
24692,1.00000000000
24693,0.94783847372
24694,0.72636628940
24695,0.00000000000
24696,0.00000000000
24697,0.67058406957
24698,0.66002107288
24699,0.00000000000
24700,0.00000000000
24701,0.33324545192
24702,0.79379765701
24703,0.57847638499
24704,0.98862323405
24705,0.95572196872
24706,1.00000000000
24707,0.97728931433
24708,0.64512035215
693,0.73868745129
694,0.94636910721
695,0.77617085707
696,0.84506048450
697,0.65744421047
698,0.45998893607
699,0.78258652118
700,0.69704673091
701,0.63503326797
702,0.21071291079
703,0.31687059649
704,0.29090647557
705,0.72536596451
706,0.12860977730
707,0.00000000000
708,0.48152518478
709,0.22210249751
710,0.11743612626
711,0.11862859074
712,0.06928895810
713,0.59671484562
25115,0.77524270713
25116,0.69130327900
25117,0.75779647111
25118,0.81354356633
25119,0.71174741360
25120,0.70230580191
25121,0.76142403297
25122,0.79320980698
25123,0.66701145632
25124,0.77652365436
25125,0.69129602665
25126,0.88143972825
25127,0.70823871001
25128,0.71005014472
25129,0.37931783447
25130,0.46830739612
25131,0.43919055452
25132,0.54044611947
25133,0.64723610656
25134,0.46607172269
25135,0.44688314052
25136,0.22318329729
25137,0.36305698648
25138,0.58033034278
25139,0.46605387647
25140,0.68817720210
25141,0.48208570044
25142,0.56040244951
25143,0.57233299065
25144,0.63212592447
25145,0.71119264615
25146,0.56172591023
25147,0.56902023920
25148,0.32003810615
25149,0.47485956724
25150,0.65887374030
25151,0.52824471447
25152,0.72547897753
25153,0.56542873780
25154,0.40729868793
25155,0.49326334456
25156,0.43063148302
25157,0.35617855533
25158,0.33565810358
25159,0.23137572099
25160,0.28008244639
25161,0.36444260259
25162,0.37558022745
25163,0.53639092596
25164,0.48229023656
25165,0.49196748692
25166,0.62885076255
25167,0.43641603544
25168,0.42364736323
25169,0.26084047707
25170,0.38115964696
25171,0.59040382226
25172,0.39683686517
25173,0.62455949458
25174,0.48769825988
25175,0.50866667843
25176,0.35240126572
25177,0.36342088196
25178,0.21250996964
25179,0.25950564469
25180,0.43804173298
25181,0.36928074622
25182,0.56731680776
25183,0.42927819149
25184,0.31769600113
25185,0.35786992794
25186,0.24185200132
25187,0.30385230132
25188,0.37733605731
25189,0.40763031344
25190,0.45219376796
25191,0.48385514865
25192,0.30512359933
25193,0.30621296392
25194,0.22889323396
25195,0.37500716301
25196,0.26636412934
25197,0.44747698973
25198,0.40549993515
25199,0.29826986672
25200,0.34798712334
25201,0.57716840608
25202,0.37137876450
25203,0.58065661820
25204,0.49159958697
25205,0.75995559055
25206,0.70653470336
25207,0.93843611166
25208,0.74519812812
25209,0.72650310564
25210,0.70213064481
25211,0.60580029594
25212,0.70040909706
25213,0.64633434415
25214,0.39272007247
25215,0.63158640341
25216,0.51206070230
25217,0.63896025982
25218,0.45238674148
25219,0.41838713736
